English,Icelandic,slang or not
2 dependent sample t-test,t-próf tveggja háðra úrtaka
2 independent sample t-test,t-próf tveggja óháðra úrtaka
2 paired sample t-test,t-próf tveggja háðra úrtaka
abolished,afnumið
abstract,huglæg
absurd,fjarstæður
absurd,hlægilegur
absurdly,fáránlega
abundant,gnótt
acacia,akacía
academic calendar,kennslualmanak
academic progress,námsframvindu
accepted,viðtekinn
accidental gap,tilviljunargat
accomplish,afreka
accordance,samræmi
accounting,bókhald
account,reikningur
accounts payable,viðskiptaskuldir
accounts receivable,viðskiptakröfur
accuracy,hittni
accuracy,nákvæmni
acoustic analysis,hljóðgreining
acoustics,eðlisfræðilegir þættir málhljóða
acquiescence,samþykkishneigðar
action movie,hasarmyndir
advanced discourse processing,þróuð orðræðuaðferð
advancement,frami
advantage,forskot
affection,kærleikur
age,öld
agility,liðleiki
aggravate,ergja
agree,semja
agreed upon,umsamið
agreement,samræmi
air bubble,loftbóla
airfryer, loftsteikingarpottur, not slang
albeit,þó að
albeit,þótt
alienation,firring
aligned,samröðun
alignment,samröðun orða
alignment,samröðun setninga
alignment,samskipun
all of one's possessions, aleiga
alliance,fylking
allophones,hljóðbrigði
alone,einsamall
although,þó að
although,þótt
always, ávallt
amateur,fúskari
amazing,þvílík
amazing,furðulegur
amazing,undraverður
ambiguity,margræðni
amusement park,tívolí
Analysis of variance,dreifigreining
anesthetic,deyfilyf
animal,dýr
annoyed,ergilegur
annotated corpus,mörkuð málheild
annual financial statement,ársreikningur
anonymity,nafnleynd
answer extraction,útdráttur svara
aphid,blaðlús
API,API
API,forritaskil
apple crumble,epla mulningur
application area,verkbúnaðarsvið
application environment,verkbúnaðarumhverfi
application,forrit
application program interface,api
application program interface,forritaskil
application,verkbúnaður
appropriate,viðeigandi
Aquarius,Vatnsberi
áramótaskaup, áramótaskaup, not slang
Arctic Poppy, Melasól
argument definitions,rökliðagreining
Aries,Hrútur
armchair,hægindastóll
armchair,hægindi
armpit,holhönd
armpit,handarkriki
arrangement,ráðstafanir
arrogance,hroki
arrogance,yfirlæti
arrogant,yfirlætislegur
articulation,myndun málhljóða
arytenoid,könnubrjósk
asset,eign
assignment,verkefni
assimilation,samlögun
Association of Businesswomen in Iceland, Félag Kvenna í Atvinnulífinu, not slang
asthma,asma
asthma,astma
astounded,agndofa
astounded,forviða
at an angle,á ská
atheist,guðleysingi
atmosphere,bragur
atmosphere,lofthjúpur
atmosphere,andrúmsloft
attend to,hjúfraði
attention,eftirtekt
attention,athygli
attention,umhyggja
attention,hugulsemi
attention,réttstaða
attest,votta
attribute,eigind
attribute,eiginleiki
audio file,hljóskrá
audit,endurskoðun
authenticate,auðkenna
authoring support,ritstoð
authoring support software,ritstoðarforrit
authoring support systems,ritstoðarkerfi
authoring tools,ritstoðartól
authoritatively,munduglega
auto-correlation,sjálfvirku fylgni
autograph,eiginhandaráritun
automatic continuous speech recognition ,sjálvirk orðaflaumskennsl
automatic hyperlinking,sjálfvirk tenglasetning
automatic language identification,sjálfvirk tungumálskennsl
automatic rule-based parser,sjálfvirkum regluþáttara
automatic text summarization,vélrænn útdráttur
automobile inspection,bifreiðaskoðun
available,liggja fyrir
available,ráðstöfun
avaricious, nískur
awareness,vitund
awful,agalegur
awkwardly,klaufalega,
babble,röfla
babble,rövla
babe,beib,slang
background noise,bakgrunnshávaða
backoff,íhörfun
backward chaining,afturkeðjun
backward chaining,bakkeðjun
backtracking,rakning
badger, greifingja, not slang
bad mood,fýla
bad mood,ólund
badly dressed,hallærislega
bag,skjóða
bagel,beygla
baguette,snittubrauð
baguette,franskbrauð
balance,staða
balance sheet,efnahagsreikningur
balsamic vinegar,balsamedik
barley,bygg
baseball,hornabolti
baseline,beislínu
baseline,grunnlína
bat, kylfa
battle, bardagi
Bavarian cream,frómas
bay leaf,lárviðarlauf
beast,skíthæll
beaten, laminn
become reasonable, vitkast
bed,rekkja
before,fyrirfram
beginner,viðvaningur
begrudge,öfunda
behavior,umgengni
bell pepper,paprika
belonged,tilheyrði
beluga,mjaldur
be driven out,hrökklast
be irked,þykkjast við
be lowered slowly, síga
bench press,bekkpressa
bequeath,arfleiða
Bergen, Björgvin,not slang
berth,rúmklefi
beside,við hliðina á
best estimate, matskennd fjáhæð
bibliography,heimildaöflun,not slang
bibliography,heimildaskrá,not slang
bidirectional tagger,tvístefnumarkari
big crowd,fjölmenni
bigram,tvennd
bigram,tvístæða
bilingual text corpus,tvímála málheild
binge,hámhorf
binge,hám
binge,háma
binturong,svartur bjarnköttur
birch,björk
biting midge,lúsmý,not slang
blinds,gluggatjöld
blizzard,blindbylur
blizzard,hríðarbylur
bloated,bólginn
blockhead,auli
blockhead,bjáni
blunt,sljóvga
blunt,skorinorður
boast,monta
boil,suða
boom,dynja
bootstrapping approach,gagnkvæm hringrás
bootstrapping approach,sjálfkvæm nálgun
bother,ergja
bottom-up,neðansækinn
boulder,grjótglíma
boulder,hnullungur
bow, hneigði
boy, snáði
bracelet,armband
brave,hugdjarfur
brave, hugprúður
brazier,glóðarpanna
brazier,messingssmiður
breakdown,bilun
break free, sleit
brill type tagger,markari brills
brilliant,framúrskarandi
brink,brún
brittle,stökkur
broken,bilun
brokerage account,vörslureikningur
brooch, brjóstnál
broom,sópur
broom,lyng
bug,ergja
bulldozer,jarðýta
bully,dólgur
bum,róni
bumper,högghlíf
bump somebody off,kála
bungler,klaufi
bunny,kanína
burner,hella
bush,runni
button mushroom,matkempa
cabin,káeta
cabling,raflögn
cage,búr
caiques,seglskip
calisthenics,leikfimiæfingar
camel,kameldýr
camel,úlfaldi
can,brúsi
candy,nammi
Cancer,Krabbi
canteen, háma, not slang
capital,fjármagn
Capricorn,Steingeit
capsicum,paprika
carbohydrate,kolvetni
car hitch,kúlutengi
car hitch,dráttarkúla
car hook,dráttarkúla
car hook,kúlutengi
care,umhirða
care,umhyggja
caresses,atlot
cargo roof box,tengdamömmubox
cargo roof box,farangursbox
cargo roof box,ferðabox
carrying value of the bond,bókfært verð af skulduna
cartilage,brjóskflögur
cash flow,sjóðstreymi
categorial grammar,frumflokkamálfræði
categorization,frumflokkun
cause,verki
cautious,varkár
cavalier,áhyggjulaus
cavalier,kæruleysislegur
cavalier,mikillátur
cavalier,þóttafullur
cavalier,yfirlætislegur
cavalier,riddaralegur
cavalier,spjátrungslegur
cavalier,óháður
central tendency,miðsækni
century,öld
century,aldarinnar
Ceratopogonidae,lúsmý,not slang
cereal,korn
certified,löggiltur
chalkboard,skólatafla
challenge,áskorun
chaos, þvögunni
chard,silfurbeðja
chard,blaðbeta
cheese pizza, margarita pizza, not slang
chemical weapon,efnavopn
chest of drawers,kommóða
child,peð
childhood,bernska
childrens' garage sale, tombóla, slang
chimney sweep, sótari
chips,flögur
chisel,meitill
Chi-square,kí-kvaðrat
chloramines,klóramín
chocolates,konfekt
chunk,bagga
chunk,baggi
chunking,böggun
circular,hringlaga
class,áfangi,
class,bekkur
class,stétt
clay pot,leirker
clear one's throat,ræskja
click,smell
cloak,skikkja
closely related,náskyldur
cloud cover,skýjahula
clove,negull
clustering,þyrpa
clustering,þyrping
coach, áætlunarbíl
code ,kóða
code ,kóta
code ,kóti
coding and compression,kóðun og þjöppun
coding and compression,kótun og þjöppun
coding tool,kóðunartól
coding tool,kóðunarverkfæri
coding tool,kótunartól
coding tool,kótunarverkfæri
coleus,kólus
collection of texts,textasafn
collide,rekast á
collocational features,orðastæðuþættir
collocational features,samstæðuþættir
collocations,orðastæður
collocations,samstæður
colt,foli
column,pistill
coma,dá
combat,bardagi,
comfort,hugga
comfort,makindum
common sense,skynsemi
Common snipe,hrossagaukur
common voice,samrómur
commotion,uppþot
compared with,miðað við
compass,áttaviti,not slang
compell,knýja
compete,kapp
complementary distribution,fyllidreifingu
completely,alveg
compost heap,safnhaugur
comprehensive income,heildarafkoma
compression,þjöppun
computational linguistics,reiknifræðileg málfræði
computational linguistics,reiknifræðileg málvísindi
computational linguistics,tölvumálfræði
computational linguistics,tölvumálvísindi
computational pragmatics,reiknifræðileg málnotafræði
computational pragmatics,tölvufræðileg málnotafræði
computational psycholinguistics,reiknifræðileg sálmálvísindi
computational psycholinguistics,tölvufræðileg sálmálvísindi
computational semantics,merkingartækni
computational semantics,reiknifræðileg merkingarfræði
computational semantics,tölvufræðileg merkingarfræði
computer-assisted language learning,tölvustutt tungumálanám
conceal,fela
concept,hugtak
concern,umhyggja
condescending,yfirlætislegur
condescending,lítillátur
conditional random fields,skilyrt slembisvæði
confections,konfekt
confidentiality,trúnaður
confused,ráðvilltur
conduct,umgengni
connectionist techniques,samtengiaðferðir
consideration time,umhugsunartími
considered,þóttist
constant,stöðugur,not slang
consumption,eyðslan
container,gámur
container,ílát
content production,semja efni
context sensitive spell-checking,samhengisháð ritvilluleit
conscientious,skyldurækinn
convenient,handhægur
context sensitive spell-checking,samhengisháð stafrýni
contractor,verktaki
conversational agent,talþjónn
conversation,samræða
coolant,frostlögur
co-occurrence features,grenndarþættir
cook,matreiða
cooperation,samhjálp
co-payment,meðlag
coreference resolution,samvísunartúlkun
coreference resolution,tilvísanagreining
corkscrew,tappatogari
cornea of the eye,glæra
corpus linguistics,gagnamálfræði
corpus linguistics,gagnamálvísindi
corpus,málheild
cost,kostnaður
costs,útgjöld
counsellor,ráðgjafi
count,greifi
countless,ótal
crab,krabbi
crab,skógarepli
crackle,snarka
crafting,föndur
cramp,krampi
craps,sjö-ellefu
creaky,brakandi
creative,sköpun
creature,skepna
credit,inneign
criminal prosecution,saksókn
crisp,stökkur
crispy,stökkur
crocus,dverglilja
crocus,krókus
cross-lingual information retrieval,þvermála upplýsingaheimt
cross-lingual language capabilities,þvermálamöguleikar
cottage cheese,kotasæla
cross validation,krossprófun
critique,gagnrýni
crumpet,gerklatti
cucumber,agúrka
cucumber,gúrka
cue,stikkorð
culprit,sökudólgur
culprit,sökudólganir
curly,hrokkinn
current,yfirstadandi
current,núverandi
cursed,formælti
curtain,gluggatjald
customer,viðskiptavinur
customer,kúnni
dad joke,fimmaurabrandari
dandy,pjattrófa
dangerous,glæfralegur
dare,dirfðist
daring,glæfralegur
data analysis,gagnagreining
data collection,gagnaöflun
data-directed,neðansækinn
data-driven methods,gagnaaðferðir aðferðir
data-driven methods,gagnastýrðar aðferðir
data-driven system,gagnakerfi
data format,skráarform
data,gögn
data presentation method,gagnaframsetningaraðferð
data set,gagnasafn
dataset,gagnasafn
dawn,dögun
deadlift,dedda,slang
deadlift,réttstöðulyfta
deadline,tímamörk
deadline,skilafrestur
deadline,eindagi
deal,tilboð
dealings,afskipti
deathly pale, náfölt
debt,skuld
deceive,blekkja
decent,drengilegur
decision list classifiers,flokkaraskrá
decoder,afkóðari
decoder,afkótari
decorum,háttvísi
decorum,háttprýði
decorum,velsæmi
deer,dýr
deep generation,djúp málgerving
deep parser performance evaluation,mat á frammistöðu djúpþáttara
deep parsing,djúp þáttun
deep parsing,full þáttun
define,afmarka,not slang
delay, töf, not slang
delicacies,kræsing
delicately, fimlega
delimit,afmarka,not slang
denotation,aðalmerking
denotation,merkingarkjarni
denotation,umtak
denote,aðalmerkja
denote,hrámerkja (x denotes y)
dense,þéttur
dent,beygla
dental calculus,tannsteinn
dental plaque,tannsýkla
departing,fráfarandi
dependency bank,venslabanki
dependency grammar,venslamálfræði
deposit,innborgun
depreciation,afskrift
detective,spæjari
development sets,þróunarlistar
devoicing,afröddun
diagonally,á ská
dialect,mállýska
dialectical behaviour therapy, díalektísk atferlismeðferð
dialectical materialism,þráttarefnishyggja
dialects,framburðartilbrigði
dialects,mállýskur
dialogue management ,samræðustjórnun
dialogue manager,samræðustjóri
dialogue modeling,gerð samræðulíkana
dialogue,samræða
dialogue system,samræðukerfi
dial tone,sónn
diarrhea,lífsýki
diarrhea,niðurgangur
diarrhea,ræpa
diarhhea,drulla
diaper,bleyja
dictionary,orðalista
didn't like the look of it,leist ekki á blikuna
diet,kúr
difficult, örðugt
digital humanities,stafræn hugvísindi
digital library,stafrænt bókasafn
ding,beygla
diphone concatenation system,tvístæðu samtengingarkerfi
diphone,tvístæða
diphthongization,tvíhljóðun
diphthong,tvíhljóð
dip,ídýfa
disambiguation,einræðing
disciple,lærisveinn
disclosure,uppljóstrun
discourse and dialogue,orðræða og samræða
discourse capabilities,samræðuhæfileikar
discourse corpora,orðræðumálheild
discourse modeling,gerð orðræðulíkana
discourse ,orðræða
discriminative tagger,aðgreiningarmarkari
discipline,aga
disguise,dulargervi
disgusting,andstyggðar
disposable income,ráðstöfunartekjur
distance, fjarska
distinguish,auðkenna
dividend,arður
document image analysis,greining skjalmyndar
Dodger,Hrappur
double-lock, tvílæsti
downcast,mæðulegur
dripping wet,rennvotur
drive away,flæma
drive-in theater,útibíó
driver,ökuþór
droll,spaugilegur
drunkard, fyllibytta
dry,brakandi
dsp techniques,stafrænar merkjavinnsluaðferðir
due date,gjalddagi
due diligence specialist, áreiðanleikafræðingur
dumb,bjálfi
dumb,lúði
dumbfounded,agndofa
dune,dúna
dune,sandalda
dune,sandskafl
durable,endingargóður
dynamic programming,kvik bestun
dynamic programming,kvikbestun
dynamic programming,kvikleg forritun
eating disorder,átröskun
economic condition,hagræn staða
economics,hagfræði,not
edge,brún
effective interest,virkir vextir
effective interst method - present value amortization
effort,fyrirhöfn
elbow,hnippa
elderberry,ylliber
e-learning environments,fjarnámsumhverfi
e-learning,fjarnám
e-learning,fjarskiptanám
electronic id,auðkenni, not slang
elegiac,harmljóðlegur
elision,brottfall
embedding,greyping
emerging computing paradigms,uppkomandi viðmið í tölvun
emotion recognition,tilfinningakennsl
emojis,broskallar
encode,kóða
encode,kóta
encoder,kóðari
encoder,kótari
encouragement,örvun
endurance,þol
energetically, fjörlega
entertainment,afþreying
entirely,alveg
envy,öfundsýki
envy,öfund
envy,öfundarefni
epileptic fit,flogaveikikast 
equivalised disposable income,ráðstöfunartekjur á neyslueiningu
equity,eigið fé
era,tímabil
era,öld
error categories,villuflokkar
error corpus,villumálheild
escape plan,flóttaleiðir,
essential,hagnýtur
estate,landareign
estate,jarðareign
etiquette,mannasiðir
evaluation,mat
example-based translation,dæmabyggð þýðing
example resource exercise,dæmaæfing
excellent,tilvalinn
excellent,ágætur
excellent,frábær
excessive,óhóflegur
excite,trylla
excursion,skemmtiferð
expenditure,útgjöld
expenses,útgjöld
exploit,arðdræna,not
exploratory data analysis,gagnakönnun
expression,orðatiltæki
extreme weather, veðurofsanum
eyeliner,ælæner,slang
fact,staðreynd
Factor analysis, þáttagreiningu
failure,bilun
fame,orðstír
family gathering,fjölskylduboð
family name,ættarnafn
farm,býli
fast,snöggur,slang
fate, örlög
fear, ógnin
feature,kenni
feature,sérkennaþáttur
fern,burkni
fez,tyrknesk húfa
fiber,trefja
fiber,taug
field trip,vísindaferð
field trip,vísó
field trip,skemmtiferð
figurative,yfirfærður
figurative,óeiginlegur
figurative,myndrænn
figurative,myndauðugur
figurative,táknrænn
figurative,fígúratífur
figurative,hlutbundinn
figuratively,bókstaflega
finances,fjárhagur
financial budget,fjárhagsáætlun
financial,fjárhagslegur
finished,yfirstaðinn
finite state machine,endanlegar stöðuvélar
finite-state machine,stöðuvél
finite-state,stöðuferjöld
finite state technology,stöðuvélatækni
finite state transducer,endandleg stöðuferjöld
fire, bál
fire insurance,brunatrygging
fireplace, arinn
fireproof,eldtraustu
fishing village,verstöðvum
fish skin,roð
fistula,pípa
fitting room,mátun
fixed phrase,orðasamband
FKA New Icelanders,FKA Framtíð, slang
flagstone,hella
flame,logi
flame,eldur
flame,ástríða
flame, logana
flexibility,liðleiki
floor pump,standpumpa
food waste,matarleifar
fool,bjálfi
fool,lúðó,slang
foppish,spjátrungslegur
ford,vað
foreign language,annars mál
foreign language,L2
foreign language speakers,annars málshafar
formant synthesiser,formandagervill
fortition,lokhljóðun
forward chaining,framkeðjun
foul language,fúkyrði
foul smell,fnykur
fountain,gosbrunnur
free time,tómstundir
freshman,busi,slang
freshman,nýnemi,not slang
fricativization,önghljóðun
fried,spælt
friendship,kærleikur
front-end,framendi
frost, frosthörkur, not slang
frugal,nægjusamur
fruit iced tea, avaxtaíste
frustrate,ónýta
frustrate,kollvarpa
frustrate,hindra
frustrate,skaprauna
frustrate,svekkja
full parsing,djúp þáttun
full parsing,full þáttun
fungus gnat,svarðmý
funnel,trekt
funny,spaugilegur
gadget,græja
gallows,gálgi
gamble,spila fjárhættuspil
gamble,gambla
Gaza,Gasa
Gemini,Tvíburar
Gemini,Tvíburi
germinate,forrækta
giggle,flissa
giggling, skríkjandi
gliding,svífandi
glinted, glitti
glory,orðstír
glory,dýrð
glory,frægð
glottis,raddglufuna
glued,líming
goal-directed,ofansækinn
gold standard,gullstaðal
good fortune,gæfa
good luck,gæfa
gooseberry,blæjuber
gooseberry,stikilber
governor,ríkisstjóri
governor,landstjóri
governor,nýlendustjóri
governor,stjórnarnefndarmaður
gown,sloppur
gown,skikkja
gown,hempa
gravlax,graflax
grammar checker,málrýnir/málfræðirýnir
grammar correction,málfræðileiðrétting
grammar models and formalisms,málfræðilíkön og formalismar
grammars,mállýsingar
grammatical tagger,málfræðilegur markari
granulated sugar,strásykur
grapheme combinations,stafasambönd
graphical user interface,myndrænt viðmót
great white shark,hvítháfur
great white shark,hvíthákarl
greedy, ágjarn
grind, gnísti
guard, varðmaður eða vörður,
GUI,myndrænt viðmót
gullet,kok
gymnastics,leikfimi
gypsy,síguani
haircut,klipping
halibut,lúða
handle,handfang
happiness, sæla
hardcover,harðspjalda
hare,héri
harmonicity,samhljóm
hash,bixímatur
haughty,þóttafullur
Háskólatorg,Háskólatorg,not slang
haste,óðagoti
hayfield,tún
haystack,stabbi
head cheese,sviðasulta
head-driven phrase structure grammar,höfuðstýrð liðgerðarmálfræði
headline,fyrirsögn
headline,yfirskrift
hear,hlýða
heat-resistant dish,eldföstu móti
heat-resistant mould,eldföstu móti
hedge accounting,áhættuvarnarreikningsskila
hedge accounting,áhættuvarnir
heuristics,brjóstvitsreglur
heuristics,þumalputtareglur
high interest rate polciy,stýrivaxtahkkanir,not
high-level language,æðra forritunarmál
highlight,litun texta
highlight,yfirstrikunarlitur
hipbone,mjaðmabein
HMM methods,aðferðir hulinna markovslíkana
hnökrar,without falter,not slang
hole,hola
home screen,heimaskjár
homeless shelter,gistiskýli fyrir heimilislausa
homogeneous,samkynja
horoscope,stjörnuspá
hotdog,hotdog,not slang
hotdog,slanga,slang
housing benefit,húsbætur
household,hjúskaparstöða
Huldumal,nemendafelagið á HÍ fyrir nemendur í ISE námsbraut,not slang
human,mennskur
human aided machine translation,mannstudd vélræn þýðing
human resources,mannaforráða
hunger,sultur
hurt,hrekktur
hurt,hvekktur
husband,eiginmaður
hyacinth,goðalilja
hyacinth,hýasinta
hyacinth,jasinta
hybrid vehicle,tvinnbíll
hypercorrection,ofvöndun
hyperparameter,ytri stiki
hyphenation programs,orðskiptiforrit
hysterical,móðursjúkur
iceberg lettuce,íssalat
icelandic dip,eðla
Icelandic wrestling,glíma
icy cold,svellkaldur
idea,hugtak
ideal efficiency,hámarksskilvirkni,not
idealism,hughyggja
identification number,kennitala, not slang
idiot,lúðó,slang
idiot,bjálfi
idiot,bjáni
id number,kennitala, not slang
immediate,án tafar
immediate,tafarlaus
immersed, niðursokkinn
imminent, yfirvofandi, not slang
impending, yfirvofandi, not slang
impressive,tilkomumikill
incessant,stöðugur,not slang
incredible,ótrúlegur
income statement,rekstrarreikningur
income, tekjur
incompetent,vanhæfan
inconvenience,óþægindi
independent,óháður
indexing,lyklun
indiscipline,agaleysi
indisposition,forföll
individual word speech recogniser,stakorðagreinir
individual word speech recognizer,stakorðagreinir
in-domain,innan óðals
inductive logic programming,aðleiðsluleg rökforritun
influential, áhrifamikill
information access,upplýsingaðgangur
information economics,upplýsingahagfræði,not
information extraction,útdráttur upplýsinga
information processing,upplýsingavinnsla
information retrieval,upplýsingaheimt
information technology,upplýsingatækni
infusion,gjöf
ingredients,innihaldsefni
inlanders,innlendingur, slang
innovation,nýsköpun
in need, áttu bágt
innuendo,dylgjur
innumerable,ótal
innumerable,óteljandi
input,ílag
input text,ílagstexti
input text,viðfangstexti
input,viðfang
insane,snargeggjaður
inscrutable,órannsakanlegur
inscrutable,óræður
insomnia,svefnleysi
installation,lögn
installment,hefti
insurance,trygging
intensity,styrkleika
interest,vöxtur
interest expenses,vaxtagjöld
interface,viðmót
internal medicine,lyflækningar
interrogation,yfirherslur
intervention,afskipti,not slang
intimidate,hræða
intranet,innranet
intuition,innsæi,not slang
intuitive language-based interfaces,hugsýn málbundin skil
investment,fjárfesting
invincible, ósigrandi
involved,viðriðin
ironic,hæðinn
irresistible,ómótstæðilegur
irritate,áreiti
irritate,ergja
irritated,ergileg
irritation,ergelsi
isolated word recognizer,stakorðagreinir
isolated word speech recognition,stakorðagreining
italics,skáletur
jaw,kjálki
jaw,skoltur
jealous,afbrýðisamur
jealous,öfundsjúkur
jerk,dónakall,slang
jerk,dónakarl,slang
jerk,lúðó,slang
jerk,lúði
jerky,þurrkað kjöt
jingoism,þjóðrembingur
job,verk
jolted, hrökk
jump rope,sippuband
jumper,peysa
juniper,einir
justice,réttvísi
kelp,þang
kennitala,kennitala,not slang
keratin,keratín
key enabling technology,lykilstuðningstækni
keyword-based search,lykilorðaleit
kids garage sale,tombóla, slang
kiss-ass,sleikja,slang
knock,banka
know,kunni
knowledge discovery,þekkingaröflun
knowledge-driven,þekkingarstýrð
knowledge exchange,þekkingarskipti
knowledge management,þekkingarstjórnun
knowledge technology,þekkingartækni
knowledge,vitund
label,mark
label,merkja
lacklusterly,dauflega
ladybug,maríuhæna
ladybug,sjödepla
lady of the house,húsráðandinn
lambda reduction,aflömbdun
lambda reduction,lambdaeinföldun
lame,hallærislega
landfill,urðun
langostine,humar
language analysis,málgreining
language checking,málrýni
language engineering,máltækni
language engineering,tungutækni
language generation,málgerving
language generation,málmyndun
language modelling,gerð tungumálalíkana
language model,mállíkan
language resources,málföng
language resources,málgögn
language technology application,máltæknibúnaður
language technology,máltækni
language technology,tungutækni
language tools,máltæki
language understanding,málskilningur
larynx,barkakýlisins
late,framorðið
latent semantic analysis,hulin merkingargreining
lawnmowing,grassláttur
layoff,hópuppsögn
lazy,latur
lazy,iðjulaus
lazy,letilegur
lazy,lygn
lazy,hægfara
Lazy-legs,letihaugurinn
lemma,flettimynd
lemma,nefnimynd
lenition,veiklun
Leo,Ljón
Leo,Ljónið
lettuce,salat
leukemia,hvítblæði
lexeme ,les
lexical analysis,lesgreining
lexical semantics,orðfræðileg merkingarfræði
lexicon acquisition tool,orðtökutól
lexicon coding tool,orðasafnskótunarverkfæri
lexicons,orðasöfn
liability, skuld
liability,skuldbinding
library,forritasafn
library,forritseining
Libra,Vog
license,afnotaleyfi
lifestyle inflation,lífsgæðakapphlaup
light,lýsa
lighting,lýsing
like,fíla,slang
limited,einskorðast
linguistically annotated corpora,málfræðilega markaðar málheildir
linguistic computing,máltölvun
linked data,tengd gögn
listen,hlýða
litigator,sækjandi
little cakes,klatti
livestock,búfé
localisation expert,staðfæringarsérfræðingur
lodging,híbýli
logorrhea,munnræpa
loot,þýfi
loss,tap
love,kærleikur
low-fat milk,léttmjólk
lukewarm,volgur
lunacy,vitfirring
luxurious,dýrindis
lynx,gaupa
lysosome,leysibóla
machine-aided human translation,vélstudd þýðing
machine code,vélarmál
machine learning algorithms,vélnámsreiknirit
machine learning,vélanám
machine translation,vélræn þýðing
machine translation,vélþýðing
main inspection,aðalskoðun
major change,stökkbreyting
malfunction,bilun
malice,illkvittni
malicious,illkvittinn
manifest,augljós, not slang
manifest,áþreifanlegur, not slang
manners,mannasiðir
manure,áburður
manure,mykja
manure,tað
mapping functions,vörpunarföll
mappings,varpanir
marathon,hámhorf
marinate,marínera
market price, markaðsverð
market rate, markaðsverð
marshal,æðsti herstjóri
marshal,marskálkur
masturbate, fróa sér; runka sér;kippi í, not slang
mathematical methods,stærðfræðilegar aðferðir
maximum entropy methods,hámarksóreiðuaðferðir
mayonnaise,majónes
meal time,máltíð
meaning representation,merkingartáknun
mean,meðaltal
median,miðgildi
medley,syrpa
medley swimming,fjórsund
melted,bræddur
membranes,himnur
memory based tagger,minnismarkari
menace,hótun
menace,ógnun
meticulous,vandvirkur
might,máttur
milestones,vörðurnar
milkshake,sjeik
mindfulness,núvitund
minimal pair,lágmarkspar
minimum purchase,lágmarksviðskipti
mischief,fláttaskap
miss,ungfrú
mistreat,misþyrma
moan,gnauða
models,líkön
mode,tíðasta gildi
moderate,hóflegur
module,eining
module,mótull
mohair,angóraull
moist,blautur
moist,rakur
moist,votur
molar,jaxl
monarch,einvaldur
monitoring,vöktun
moon,múna,slang
more dead than alive,aðframkominn
morning,árdegis
moron,bjáni
morose,önuglyndur
morphological analysis,orðhlutafræðileg greining
morphological disambiguation,orðhlutafræðileg einræðing
morphological parsing,orðhlutafræðileg þáttun
motorscooter, skellinöðruna
mousse,frómas
moveable,færanlegur
mud,drulla
muddy,gruggugur
multilingual corpora,margmála málheildir
multilingual generation,margmála málmyndun
multilingual information retrieval,margmála upplýsingaheimt
multilingualism,margmæli
multilinguality,margmæli
multilingual speech processing,margmála talvinnsla
multimedia documents,margmiðlunarskjöl
multimedia information extraction,útdráttur margmiðlunarupplýsinga
metamorphosis,hamskipti
multimedia information retrieval,margmiðlunarupplýsingaheimt
multimedia retrieval,margmiðlunarheimt
multimodal communication,fjölhátta samskipti
multimodal communication,marghátta samskipti
multimodality,fjölskynjun
multimodality,fjölskynþátta
Multiple comparisons,margföldum samanburði
multiple regression,fjölbreytuaðhvarfsgreiningu
multivariate statistics,margbreytitölfræði
must, hlyti
mutation,stökkbreyting
mutual help,samhjálp
myth,mýta
,nafnverð bréfs
par value,nafnverð
named entity,nefnd eining
named entity recognition,nafnakennsl
named entity recognition,nafnaþekkjari
named entity,sérheitaeining
narrative, frasögnin
narrow,mjór
narwhal,náhveli
narwhal,náhvalur
natural,hispurslaus
natural language generation,gerving náttúrulegs máls
natural language generation,myndun náttúrulegs máls
natural language parsing,þáttun náttúrulegs máls
natural language processing,málvinnsla
needle,saumnál
negotiate,semja
neighborhood, grennd
neoliberalism,nýfrjálshyggjunnar,not slang
nervous,taugaóstyrkur
nervous system,taugakerfi
net income,ráðstöfunartekjur
neural networks,tauganet
neurotic,taugaveiklaður
neurotic,hugsjúkur
new icelander, íslendingur sem var ekki fæddist á Íslandi, slang
new icelanders,framtíð, slang
next to,við hliðina á
n-grams,n-stæður
nicknamed, uppnefndu
nincompoop,bjálfi
noble,göfugur
noble,drengilegur
noise,hávaði
noisy channel model,truflunarlíkan
non-textual format,á öðru sniði en sem texta
normalized,staðlaður
not quite,ekki alveg
notebook,hefti
notes payable, nýja lánið
no way!,glætan!
nudge,hnippa
nugget,málmstykki
nugget,naggur
nuisance,trafala
Null hypothesis,núlltilgátan
oarfish,síldakóngur
obesity,offita
obey,hlýða
obliquely,á ská
Oblong Woodsia,Liðfætla
observation,eftirtekt
obtain,útvega
OCR: handwriting,ljóskennsl: skrift
OCR: print,ljóskennsl: prent
offer,tilboð
ogre,tröll
"Oktoberfest","Oktfest",not slang
"Oktoberfest","Októberfest",not slang
old age, elli
old icelander, Íslendingur fæddist á Íslandi, slang
open,hispurslaus
One sample t-test,t-prófi eins úrtaks
on the southside,sunnanvert
ontological language resources ,veranleg málgögn
ontological resources,veranleg gögn
ontologies,verufræði
open, ber
operating expense,rekstrarkostnaður
opinion piece,pistill
oral contract,samkomulag
Oregon, Oregon,not slang
original language,frummál
original source,frumheimildir,not slang
original text,frumheimildir,not slang
ornithopter,blakvængja
outliers,einförum
out-of-domain,utan óðals
output,frálag
output,skil
output,úttak
outsource,útvista
outstanding,framúrskarandi
overlap,skarast
overlap,skörun
overweight,ofþyngd
oxygen,súrefnis
palatalization,framgómun
pallet,bretti
pancake,pönnsa,slang
panorama,víðsýni
pantry,búr
parallel corpus,hliðstæð málheild
parallel corpus,samhliða málheild
paralyzed, lamaðist
parameter,færibreyta
parameter,stiki
paring knife,skurðarhnífur
parser,þáttara
parser,þáttari
parse tree,þáttunartré
parsing,setningafræðileg greining
parsing techniques,þáttunaraðferðir
parsing,þáttun
parsing,þáttun greining
partial parsing,hlutaþáttun
partial parsing,hlutþáttun
partial/shallow parsing,grunnþáttun
partial/shallow parsing,hlutaþáttun
partial/shallow parsing,hlutþáttun
part-of-speech,orðflokk
part-of-speech tagging,málfræðileg mörkun
part-of-speech tagging,mörkun
part-of-speech tagging,orðflokksmörkun
party,fylking
passion,ástríðan
patronizing,lítillátur
patronizing,yfirlætislegur
pawn,peð
payment terms,greiðslukjör
payroll,launaskrá
peace talks,friðarviðræðum
Pearson’s r,fylgnistuðul Pearsons
peeled,afhýdd
peer chat,jafningjaspjall
peer-reviewed material, rítrýnt efni,not slang
peignoirs,morgunklæðnaður
pension,eftirlaun
pepper,paprika
perception,skynjun málhljóða
perceptron,skynjunarnet
perceptron,skynjunganet
"performance (m.t.t. nákvæmni, heimt o.s.frv.)",hæfni
perseverance,þrautseigja
perseverance,þol
person sitting next to you,sessunautur
personalize,sérsníða
perverse,þverúðarfullur
perverse,þvermóðskufullur
perverse,rangsnúinn
perverse,geðvondur
pervert,pervert,slang
pervert,perri,slang
perv,perri,slang
perv,pervert,slang
pesto,pestó
phoneme,hljóðana
phonetics,hljóðfræði
phonetic transcription,hljóðritun
phonology,hljóðkerfisfræði
pickle,súr gúrka
pile, hrúgu
pile,stafli
pill bottle,pillubox
pioneer,brautryðjandi
Pisces,Fiskar
Pisces,Fiskur
pitchfork,heykvísl
pitch,hljómfallseinkennin
place name,örnefni
plaster,gifs
platform,verkvangur
plogger,plokkari
plogging,plokka
pluck,plokka
poke,hnippa
polarization,pólun
polarization,skautun
polish,bón
polished, bónað
poor,fátækur
poor,snauður
popular,eftirsóttur
Population,þýði
portal,skrauthlið
portal,skrautinngangur
pos tagging,málfræðileg mörkun
pos tagging,mörkun
pos tagging,orðflokksmörkun
potluck,pálínuboð, not slang
potpourri,syrpa
poultry,alifugla
poverty,fátækt
poverty,skortur
Power,styrk
power,máttur
practical,hagnýtur
practitioner,iðkandi,not slang
pragmatics,málnotafræði
pragmatics,málnotkunarfræði
pre-aspiration,aðblástur
precision,nákvæmni
precious,dýrindis
precious,dýrmætur
predator,rándýr
predatory (toward men),vergjörn
prefer,kjósa
prefer,vilja heldur
prejudice,hleypidómur
preliminary prototype,frumgerð
premonition, hugboð
prepare food,matreiða
pre-processing,forvinnsla
presentation and visualization,kynning og framsetning (sjóngerving?)
pretzels,saltkringlur
pretzels,saltstangir
pride,dramb
pride,stolt
pride,hroki
primitive,frumstæður
primitive,upphaflegur
principle of compositionality,blendilögmálið
private home loan interest subsidy,vaxtabætur
probabilistic context-free grammars,líkindafræðilegar samhengisfrjálsar mállýsingar
probabilistic parsing,líkindaþáttun
probabilistic tagging,líkindamörkun
procrastination,frestun,not slang
procure,útvega
procurement,innkaup
produce,afurð
profit,hagnaður
profit margin,hagnaðarhlutfall
profligacy,eyðslusemi
programming environment,forritunarumhverfi
progressive capitalism,framfarakapítalisma,not
project,verkefni
project,verk
prompt,án tafar
prompt,tafarlaus
pronunciation dictionary,framburðarorðabók
pronunciation,framburður
prosecuting attorney,sækjandi
proudly,hróðugur
provisional estimate,bráðabirgðaútreikningur
prosody information processing,úrvinnsla hljómfallsupplýsinga
proud,stoltur
proud,hreykinn
proud,drambsamur
proud,fagur
puddle,pollur
pull requests,togbeiðnir
pull, svipta
pull-up,upphífing
punctuation,greinarmerkjasetning
pursue,stundaðar
pushup,armbegyja
Pyrex,eldföstu móti
p.s.,e.s.
qualitative analysis,eigindargreining
quantitative analysis,megindargreining
quarrel,erjur
query analysis,spurnargreining
query language,fyrirspurnarmál
question answering,spurnasvörun
quick,snöggur,slang
quiet,hljóður
quiet,næði
quite,alveg
rabbit,kanína
racer,ökuþór
raise livestock,kvikfjárrækt
ranch,búgarður
range,spönn
rascal, þorparinn
rather,fremur
rationality,skynsemi
rat race,lífsgæðakapphlaup
rave,sukkveisla,slang
reaction, viðbragð
ready, viðbúinn
reality,staðreynd
reality,veruleiki
reason,skynsemi
rebetika,gríska tonlist
recall,heimt
recliner,hægindastóll
recliner,hægindi
recognition task,kennslastarf
recognition task,kennslaverkefni
reconstruction,viðreisn
record,breiðskífa
recurrent neural networks (RNN),endurkvæm tauganet
red sorrel,Hundasúra
reference corpus,viðmiðunarmálheild
reference,tilvísun
reference,vísun
reference year,viðmiðunarárið
referent,merkingarmið
referring expression,vísandi segð
refill,áfylling
regular expression,regluleg segð
rehabilitation,endurhæfing
rehabilitation,endurreisn
rehabilitation,viðreisn
relation extraction,útdráttur vensla
relevance ranking,gildisröðun
reliable,áreiðanlegur
REM-sleep,draumsvefni
renown,orðstír
repeat,árétta
reprecussion,bakslag
representations of space and time,birtingarform rúms og tíma
reproach,álasað
reprobate,lastafullur
resentful,gramur
resentful,hvekktur
resources,forðar
resources,tilföng
result,afrakstur
retrieve,heimta
retrieve,sækja
revenue,tekjur
review,umsögn
revision,endurskoðun
Reykjavik University,Háskólinn í Reykjavík,not slang
Reykjavík University,Háskólinn í Reykjavík,not slang
Reykjavik University,Háskólinn við Nauthólsvík,slang
Reykjavík University,Háskólinn við Nauthólsvík,slang
ricotta pancakes,ostapönnukökur
river,fljót
Robin Hood,Hrói höttur
robust,harðgerðar
rock climbing,klettaklifur
rotisserie,rotisserie
rotisserie,eldgrillaður
rooftop cargo box,tengdamömmubox
rooftop cargo box,farangursbox
rooftop cargo box,ferðabox
rub somebody out,kála
ruffian,dólgur
rule-based methods,regluaðferðir
rule-based tagger,reglumarkari
running word,lesmálsorð
runt,örverpi
rush,skunda
rush,vaða
Rutgers, Rutgers,not slang
sacks of products,vörusekki
sad,mæðulegur
Sagittarius,Bogmaður
district attorney,saksóknari
sandal,ilskór
sandbank,sandrif
sandbank,eyri
sandbank,rif
sandbank,grynningar
Sample,úrtak
sandwich,samloka
sarcastic,hæðinn
satellite,gervitungl
satellite,gervihnöttur
saying,orðatiltæki
saying,orðtæki
scalpel,skurðarhnífur
Scorpio,Sporðdreki
Scot,Skoti
Scotsman,Skoti
scotch,skoti
scoundrel, fantur
scowl,yggla
scrambled egg,eggjahræra
scratch,skein
search engine,leitarvél
search interface,leitarskil
search interface,leitarviðmót
seaweed,þang
second language,annars mál
second language,L2
second language speakers,annars málshafar
securities,verðbréf
seems, virtist
segmented,sneidd
selectional association,valtengsl
selectional restrictions,valhömlur
selection module,valeining
self-important person,merkikertið
self-sufficiency,sjálfsbjarga
semantic corpora,merkingarmálheild
semantic drift,merkingarrek
semantic web community,samfélag merkingarvefja
semantic web,merkingarvefur
sensibly,skynsamlega
sentence,setning
sentence,málsgrein
sentence-based correction,setningaleiðrétting
sentenced to die, dauðadæmd
sentences,málsgreinir
sentry, varðamaður eða vörður,
series,syrpa
set,syrpa
set something in motion,rekspölur
settle, að gera upp
sewage,skólp
sex,samfarir
sexual intercourse,kynmök
sexy,kynæsandi
shakily,nötrandi
shallow generation,grunn málgerving,
shallow generation,grunn myndun
shallow parsing,grunn þáttun
shallow parsing,hlutaþáttun/grunn þáttun
shallow parsing,hlutþáttun
shared,sameiginlegur
shearing,rúning
sheep's sorrel,hundasúra
sheikh,sjeik
sheik,sjeik
shepherd,hirðir
shit,drulla
shoal,vaða
shoal,sandrif
shoal,grynningar
shoal,torfa
shoal,mergð
shoal,eyri
shopping mall,kringlan, slang
shopping mall,verslunarmiðstöð
shore, fjara
short distance,spöl
short distance,spölur
short fellow,naggur
short fellow,peð
shreds,tætlurnar
shrewd,skarpur
shrub,runni
shudder,hrollur
shutters,hlerana
sieve,sía
signal analysis and representation,greining og framsetning merkja
signals,merki
Significance tests,marktektarpróf
similar to,svipað og
skewed,á ská
skim milk,undanrenna
skimmed milk,undanrenna
skin,hörunds
slide from a presentation,glæra
slingshot,teygjubyssa
slingshot,slöngva
small miserable person,örverpi
small pancake, lumma
smart, snidugt
smart,smart
smell,lykta
smell,ilma
smoothing,jöfnun
smugly, drýgindalega
snow cover,snjóþekja
snowstorm,hríð
software application,hugbúnaður
software application,viðfang
solved,upplýst
solvency,greiðslugeta
sought after,eftirsóttur
source language,frummál
southern,suðrænn
space jet,geimþota
space probe,könnunarfar
spaceplane,geimþota
special,spes,slang
spam filters,ruslpóstsía
spark, neistaflug
speaker diarization,samræðugreind
speaker,mælandi
speaker,málhafa
speaker recognition,mælandakennsl
Spearman’s rho,raðfylgnistuðul
speech,ræða
speech,mál
speech,tala
speech analyser,talgreinir
speech analysis,talgreining
speech applications,taltæknihugbúnaði
speech coding,talkóðun
speech coding,talkótun
speech encryption,dulritun tals
speech enhancement,endurbót tals
speech input – assessment and evaluation,mat á talinntaki
speech interaction ,talsamskipti
speech interaction technology ,talsamskiptatækni
speech recognition module,talkennsleining
speech recognition,talgreining
speech recognition,talkennsl
speech recognizer,talþekkjari
speech retrieval,talheimt
speech synthesis evaluation,mat á talgervingu
speech synthesis,talgerving
speech synthesizer,talgervill
speech technology,taltækni
speech-to-text,talgreining
spell,töfraþula
spell-checker,stafrýnir
spell checking,stafrýni
spin-dryer,þeytivinda
spin the bottle,flöskustútur
spite,illkvittni
spiteful,illkvittinn
spit of land,eyri
spoken dialogue systems,samræðukerfi fyrir tal
spoken language corpora,málheildir talmáls
spoken language dialogue,samræða í tali
spoken language generation,gerving talmáls
spoken language input,talmálsílag
spoken language understanding,skilningur talmáls
spoken output technologies,talmálsfrálagsaðferðir
spokesman,talsmaður
spokesman,formælandi
spout,stútnum
sprout,forrækta
spurt, bunu
spyware,hlerunartæki
squash,kremja
stack,stafla
stack,stafli
staged,setja á svið
stamina,þol
standard,staðall
standard deviation,staðalfrávik
stand-up comedian,uppistandari
starch,línsterkja
starfish,krossfiskur
statement of comprehensive income, yfirlit um heildarafkomu
statistical language model,tölfræðilegt mállíkan
statistical machine translation,tölfræðistudd vélþýðing
statistical modeling and classification,tölfræðileg líkanagerð og flokkun
statistical taggers,líkindamarkarar
statistical taggers,tölfræðimarkarar
statistic,mælitala
steadfast,stöðugur,not slang
stemming,stofngreining
stem vowel,stöfnsérhljóð
stench,fýla
stench,óþefur
stench,fnykur
stick, kylfa
stimulation,örvun
stigma,skömm
Stjarnfræði,astronomy
Stjarnvísindi,astronomy
Stjörnufræði,astrology
Stjörnufræði,astronomy
stochastic taggers,líkindamarkarar
stochastic taggers,tölfræðimarkarar
stolen goods,þýfi
stop epenthesis,lokhljóðsinnskot
stop, nam staður
stopword,stopporð
stopword,váorð
storm,óveður
storm,vaða
storyteller,sögumaður
strangle, kyrki
strategic,skipulagt
strategic,skipulegur
strengthening,herðin
strength, styrkleiki,
strength,máttur
stress,árétta
strip mall,þjónustukjarna
stroke,heilablóðfall
stroke,slag
student housing,garðarnir,slang
student housing,stúdentagarðar,not slang
student rights office,réttingaskrifstofa SHÍ,not slang
squat,hnébeygja
student rights office, skri,slang
stupefy,deyfa
stupefy,sljóvga
stylish,smart
subjectivism,hughyggja
sublet,endurleigu
submarine sandwich,langloka
subsistence,framfærsla
subsistence,tilvera
subsistence,afkoma
subsistence,atvinna
sub task,undirverk
subword,orðaflís
success,frami
succulent,safajurt
succulent,þykkblöðungur
suck,sjúga
suction,sog
sudden,snöggur
suddenly, snögglega
suffix,viðskeyti
sugar,strásykur
sugar,sykur
suicide,sjálfsvíg
suicide,sjálfsmorð
suitable,tilhlýðilegur
suite,svíta
summarization,samantekt
summarizer,samantaki
summarizer,samantektartól
summarizer,samantektir
supervised learning,leiðbeint nám
supervised learning,"viðgjafarnám (helst ekki, viðgjöf á frekar heima innan reinforcement learning)"
support,framfærsla
support vector machines,stoðvigravélar
surface form,yfirborðsgerð
surmise,giska á
surmise,gruna
surname,ættarnafn
surprising,flatt
surveillance,vöktun
sweater,peysa
sweep,sópa
Swiss roll,rúlluterta
switch,sópur
swollen,bólginn
syllable,atkvæði
syntactic generation,setningagerving
syntactic parsing,setningaleg þáttun
syntax-driven semantic analysis,merkingarfræði í setningarlegu ljósi
systematic gap,kerfisgat
system,kerfi
taciturn,fámáll
taco,taco
taco,takkó
tagged corpus,mörkuð málheild
tagger,markari
tagging,mörkun
tag,mark
tagset,markamengi
tagset,markaskrá
talkative,málglaður
target language,markmál
task-specific module,sérhæfð forritseining
task,verkefni
task,iðja
task,verk
tattoo, húðflúr
Taurus,Naut
tax,skattur
tax allowance,hlunnindi
technical product,tæknileg afurð
teenage girl,táningsstúlkur
temporal expression,tímasegð
ten,tíu
ten,tugur
ten,tía
tending,umhirða
tent,tjald
term,hugtak
term base,íðorðagrunnur
terminal,skipanalína
terminal,skjáhermi
terminal,útstöð
terminology,íðorðaforði
terminology restrictions,íðorðahömlur
terrible,agalegur
terror,skelfing
test corpus,prófunarsafn
testicle,eistna
test set,prófunarhluti
test set,prófunarmengi
test set,prófunarsett
test sets,prófunarlistar
text collection,textasafn
text compression,textaþjöppun
text data mining,gagnanám úr texta
text encryption,dulritun texta
text indexing,lyklun texta
text mining/analytics,textanám
text processing system,ritvinnslukerfi
text technology,textatækni
text-to-speech synthesis,talgerving texta
text-to-speech ,talgerving
textbook,kennslubók
the blow, höggið
the escape, flóttinn
thesauri wordnets,orðtengslanet
The Student Cellar, Kja,slang
The Student Cellar, Stúdentakjallarinn,not slang
The Student Cellar,Stúdó,slang
The World Bank,Alþjóðabankanum,not slang
theme,þema
thigh meat,lærvöðvar
thin,mjór
thinly sliced,þunnskorinn
thorn,þyrnir
thoroughly,rækilega
thought,hugsun
threatening letter,hótunarbréf
threatening,ógnandi
thrift,nýtni
throat,kok
thunderous applause,dynjandi
thyroid,skjaldbrjósk
attendance,tímasókn,not slang
tine,tindur
title,yfirskrift
title,fyrirsögn
toaster oven, grillofn, not slang
toasting fork,eldskörunginn
to cry, grenja
to echo, bermála
toffee,karamella
to growl, urra
to hiss, hvæsa
toilet rim block,salernissteinn
toilet rim block,wc steinn
token-based errors,stakorðavillur
token (frame),tóki
token (information),tóki
tokenization and segmentation,tákngreining og sneiðing,
tokenization and segmentation,tókun og skipting
tokenization,tilreiðsla
tokenization,tókun
tokenizer,tilreiðari
tokenizer,tókari
to make oneself, halla sér, colloquial
to match figuratively, hæfa,
tombóla,tombóla, not slang
top-down,ofansækinn
topic detection,efnissviðsgreining
toponym,örnefni
to realize, gera sér ljóst
to recount,rifja upp
to refresh one's memory,rifja upp
to review,rifja upp
to revive, lífga
torso,bolur
tortilla chips, nachos, not slang
to shove,stjakaði
total darkness, kolniðamyrkur
tow hook,dráttarkúla
towards the rear,aftarlega
toy system,leikfangakerfi
trailer,hjólhýsi
training corpus,þjálfunarmálheild
training corpus,þjálfunarsafn
training set,þjálfunarsett
tramp, umrenningur, not slang
transfixed,heillaður
transformation-based taggers,leiðréttingamarkari
transfer,yfirfærsla
transfer,yfirfæra
transformation-based taggers,námsfúsir markarar
translation memory,þýðingarminni
trap,gildra
trauma,áverki
treasury,fjárvarsla
treat,nammi
treat,góðgjörðir
treat,veitingar
treatment of material,efnistök,not slang
tree adjoining grammar,trjátengslamálfræði
treebank,trjábanki
trigram,þrennd
trigram,þrístæða
triphones,þrístæða
tropical,suðrænn
trot, skálma
trouble,fyrirhöfn
trustworthy,áreiðanlegur
truth-conditional semantics,sannkjaramerkingarfræði
tuberculosis,berklar
tuberculosis,tæring
Tufted Vetch,Umfeðmingur
tumult,uppþot
turbid,gruggugur
turf house,torfbær
two-story, tvílyftur
Type I error,höfnunarmistök
Type II error,fastheldnismistök
UFO,FFH
unclassy,gálulegur
uncomfortable,óþægilegur
unconscious knowledge,ómeðvitað kunnátta
uncool,hallærislega
undercover cop,leynilögga
underlying form,baklæg gerð
under-resourced,gagnanaumur
undoubtedly,eflaust
uneasy,órótt
uniform,samkynja
unidentified flying object,fljúgandi furðuhlutur
unigram,eind
unigram,einstæða
University of Iceland,Háskóli Íslands,not slang
University of Iceland,Háskólinn,slang
University Square,Háskólatorg,not slang
university square,HT,slang
unknown word guesser,giskari
unpleasant,óviðfelldinn
unstressed,áherslulaus
unsupervised learning,óleiðbeint nám
unsupervised learning,viðgjafarlaust nám (helst ekki)
uproarious,rokinn
upset,uppnám
upset,æstur
upset,truflun
usability and interface design,nytsemi og viðmótshönnun
use,afnot
user interface,notendaviðmót
user modeling,notendahönnun
user query,fyrirspurn notanda
utterance,yrðingar
utterly,algerlega
utterly,fullkomlega
utterly,alveg
vacant,auður
vacant,tómur
vagabonds,farandlýður
value-added tax (VAT),virðisaukaskattur
variance,dreifitala
variant,tilbrigði
variation,tilbrigði
veil,blæja
velvet, flauel
veneration, lotningu
verbal agreement,samkomulag
vertex, hnútur; punktur; grannhnútur,not slang
vessel,ílát
video file,myndbandsskrá
vigor,fjör
villa,sveitasetur
violence,ofbeldi
Virgo,Meyja
vitreous,glerkenndur
vocal organs,talfærin
voice recognition,raddkennsl
voice recognition,raddþekking
voice,rómur (usually used as a suffix)
voice user interface,raddstýrt notendaviðmót
volcano,eldgos
volcano,gos
volcano,eldfjall
volume,rúmmál
vowel,sérhljóð
wanted,eftirlýstur
water level,vatnsborð
wax,bón
weakling,aumingi
weakling,væskill
weary,luinn
web application,vefviðmót
web portal,mínar síður
web search engine,vefleitarvél
web search,vefleit
web user interface,vefviðmót
well-established,gróinn
whistle, blístra
whistle,gnauða
whistleblower,uppljóstrari
whistling,gnauðið
wide-awake, glaðvaknaði
wildcard character,algildisstafur
wind noises,vindgnauð
wino,róni
wiper blades,þurrkublöð
withdrawal,úttekt
without falter,hnökrar,not slang
wonder,furða
word embedding,orðagreyping
word embedding,orðaívefja
word errror rate,villutíðni orða
word form,orðmynd
word formation,orðmyndun
wordnet,orðanet
word processing tools,ritvinnsluforrit/-tól
word sense disambiguation,einræðing orða
word sense disambiguation,merkingareinræðing
word sense,merkingarkjarni
word sense,merkingarsvið orða
word sense,merkingarþættir orða
word speech recogniser,stakorðagreinir
wound,áverki
wing,álma
wing,vængur
written language corpora,málheildir ritmáls
written language input,ritmálsílag
yield,afrakstur
yoke,klafi
youngest child,örverpi
young stallion,foli
