tíðnisæti MÍNO	lemma	orðflokkur	fjöldi
38	einnig	a	51817
72	hluti	n	31161
73	áhrif	n	30568
90	breyting	n	26336
94	mikilvægur	l	25669
105	einstaklingur	n	23374
111	starf	n	22130
120	síðan	a	20467
138	auka	s	18035
144	heldur	c	17425
146	meðferð	n	17124
160	sérstaklega	a	15721
164	heimild	n	15306
171	greina	s	14821
174	jafnvel	a	14383
177	tengja	s	14140
180	hugmynd	n	14053
182	bæta	s	13912
187	almennur	l	13801
191	hlutverk	n	13714
212	er	c	12407
215	þjóð	n	12216
219	aðili	n	12076
220	raun	n	11973
221	nýta	s	11937
225	tengsl	n	11840
229	svið	n	11743
230	mat	n	11714
231	tillaga	n	11699
232	hefja	s	11686
238	mæla	s	11477
243	jafnframt	a	11224
247	framkvæmd	n	10929
249	aðstæður	n	10809
254	nema	c	10629
257	samningur	n	10541
266	stundum	a	10254
270	kostur	n	10193
271	einkum	a	10163
276	eigin	l	10018
278	stjórn	n	9885
279	hversu	a	9877
282	þróun	n	9776
283	einkenni	n	9722
284	notkun	n	9685
289	gildi	n	9554
292	samræmi	n	9466
293	aðferð	n	9428
294	svæði	n	9407
300	tiltekinn	l	9265
305	upphaf	n	9180
311	hljóta	s	8855
319	árangur	n	8580
321	grundvöllur	n	8477
322	tilvik	n	8461
323	starfsemi	n	8447
328	erlendur	l	8344
329	skilyrði	n	8324
331	atriði	n	8297
333	þrátt	a	8256
334	einungis	a	8248
336	tilfelli	n	8210
337	ábyrgð	n	8187
351	mismunandi	l	7601
352	greining	n	7573
360	skilningur	n	7471
363	meðan	c	7364
374	samskipti	n	7141
375	virðulegur	l	7138
376	stefna	n	7136
391	mark	n	6807
395	samhengi	n	6723
401	þátttakandi	n	6589
402	yfirleitt	a	6574
406	merking	n	6490
410	skýr	l	6461
413	víða	a	6446
415	utan	a	6401
418	réttindi	n	6301
421	ofan	a	6273
423	tafla	n	6230
425	skilgreina	s	6218
426	jákvæður	l	6216
429	forsenda	n	6171
436	íbúi	n	5991
456	vandamál	n	5703
458	kjölfar	n	5691
459	rit	n	5691
460	félagslegur	l	5672
463	umfjöllun	n	5613
471	einfaldur	l	5484
472	né	c	5464
473	reyndar	a	5461
474	afar	a	5459
476	viðhorf	n	5400
477	menntun	n	5387
479	heild	n	5356
481	gæta	s	5304
483	móðir	n	5293
485	brot	n	5286
488	sjónarmið	n	5250
489	stofna	s	5236
494	semja	s	5202
497	sambærilegur	l	5140
503	leysa	s	5104
505	afleiðing	n	5103
512	mögulegur	l	5035
517	faðir	n	4971
523	hefðbundinn	l	4932
525	frásögn	n	4906
528	eingöngu	a	4888
533	sjálfsagður	l	4772
540	afstaða	n	4715
541	flókinn	l	4701
542	vandi	n	4686
547	athugasemd	n	4667
548	virkur	l	4661
550	menning	n	4640
555	þegar	a	4575
556	tíðni	n	4572
557	hagsmunir	n	4565
558	málefni	n	4555
559	grípa	s	4553
560	gjarnan	a	4548
563	vissulega	a	4515
565	þýðing	n	4492
566	styrkur	n	4489
573	fjölga	s	4417
574	styrkja	s	4413
578	hve	a	4387
581	átt	n	4369
585	hvetja	s	4309
586	eftirfarandi	l	4298
587	lesandi	n	4277
592	móta	s	4216
596	hvorki	c	4173
601	mikilvægi	n	4110
607	skilgreining	n	4087
608	persóna	n	4076
611	einfaldlega	a	4055
612	heiti	n	4051
614	áætlun	n	4045
615	safna	s	4036
616	tilskipun	n	4036
622	lýsing	n	4012
624	skráning	n	4009
628	erlendis	a	3980
630	sjálfstæður	l	3978
636	neikvæður	l	3924
639	framkvæma	s	3910
641	úrræði	n	3897
642	aðstoð	n	3882
645	hugsun	n	3840
651	gildandi	l	3774
654	uppbygging	n	3765
656	staðfesta	s	3752
657	samvinna	n	3750
659	verja	s	3750
661	viðbragð	n	3736
667	óska	s	3714
675	einkenna	s	3664
679	merkja	s	3650
686	fjölmiðill	n	3610
689	áhugaverður	l	3597
692	vettvangur	n	3575
693	tilefni	n	3573
694	öryggi	n	3568
695	innri	l	3565
700	orsök	n	3541
701	merki	n	3530
704	viðfangsefni	n	3479
707	grunnur	n	3456
708	raunverulegur	l	3456
710	uppruni	n	3447
711	verulega	a	3444
727	forn	l	3349
729	stúlka	n	3341
730	nákvæmlega	a	3338
732	vernd	n	3313
735	rita	s	3303
736	hæð	n	3301
741	staðreynd	n	3275
745	tilheyra	s	3244
752	aðallega	a	3183
754	rúmlega	a	3181
755	öflugur	l	3176
757	ályktun	n	3161
758	skyldur	l	3157
764	mæling	n	3133
767	hugsanlega	a	3107
777	viðbót	n	3066
778	raunar	a	3065
780	yfirborð	n	3060
782	breyttur	l	3055
784	háður	l	3052
785	daglegur	l	3034
787	frjáls	l	3022
789	skipulag	n	3017
790	heilsa	n	3016
791	fyrirbæri	n	3015
794	leiðbeining	n	3006
795	endurspegla	s	3002
797	samþykki	n	2993
800	gæði	n	2988
802	áhætta	n	2976
805	ráðstöfun	n	2964
811	eiginleiki	n	2948
814	rót	n	2945
821	ferli	n	2903
833	rafrænn	l	2853
837	magn	n	2834
840	skortur	n	2823
841	viðmið	n	2820
844	takmörkun	n	2800
850	sennilega	a	2770
851	skipti	n	2769
853	frelsi	n	2767
856	flokka	s	2754
857	tækni	n	2751
858	skáld	n	2749
861	undan	a	2738
863	líkamlegur	l	2731
864	viðmælandi	n	2728
866	túlka	s	2725
868	takmarka	s	2722
870	hérlendis	a	2719
872	fjölbreyttur	l	2714
875	upplifa	s	2704
876	veruleiki	n	2703
880	samkomulag	n	2699
882	meðal	a	2695
883	takmarkaður	l	2690
886	framleiðsla	n	2684
891	öðlast	s	2671
892	stjórna	s	2664
901	ytri	l	2640
903	hegðun	n	2638
904	innihalda	s	2638
906	hefð	n	2635
907	framhald	n	2631
911	eining	n	2619
916	hækkun	n	2607
918	sömuleiðis	a	2603
921	þaðan	a	2598
922	sögulegur	l	2591
924	kynslóð	n	2586
928	álag	n	2578
929	margvíslegur	l	2577
931	útskýra	s	2567
932	aðgengi	n	2564
934	vísindi	n	2557
936	lengd	n	2550
939	vísbending	n	2542
942	gagnrýni	n	2540
945	aldraður	l	2538
949	huga	s	2531
955	ábending	n	2500
956	vaxandi	l	2494
957	áberandi	l	2492
958	augljós	l	2491
963	skuldbinding	n	2478
969	væntanlega	a	2465
973	manneskja	n	2453
974	nýlegur	l	2449
975	meirihluti	n	2442
976	byrjun	n	2435
977	fagna	s	2433
979	sýn	n	2431
980	fræðsla	n	2429
982	námskeið	n	2424
985	orðalag	n	2413
986	heili	n	2411
989	ýmist	c	2409
990	innleiða	s	2408
991	atvik	n	2406
992	hafna	s	2406
995	varpa	s	2403
996	tengdur	l	2402
1000	nálgast	s	2395
1003	áðan	a	2388
1004	áhættuþáttur	n	2388
1006	tiltölulega	a	2388
1008	stafa	s	2386
1010	faglegur	l	2381
1011	festa	s	2379
1012	búseta	n	2378
1014	innleiðing	n	2373
1016	varðveita	s	2361
1017	starfshópur	n	2360
1019	fyrirmynd	n	2357
1024	vega	s	2342
1025	list	n	2339
1026	ætt	n	2334
1027	handrit	n	2324
1033	dreifa	s	2303
1037	hliðsjón	n	2300
1041	skrif	n	2293
1042	smár	l	2289
1044	varla	a	2284
1046	viðeigandi	l	2283
1048	yfirvald	n	2276
1049	virkni	n	2274
1050	svolítið	a	2273
1052	tæplega	a	2272
1055	aðgengilegur	l	2261
1057	nútími	n	2253
1059	frægur	l	2243
1062	sameina	s	2228
1065	nákvæmur	l	2224
1067	viðhalda	s	2222
1068	snemma	a	2220
1070	drengur	n	2216
1073	stöðugur	l	2205
1074	kjarni	n	2203
1075	meginregla	n	2203
1077	sannarlega	a	2201
1078	líkja	s	2199
1080	persónulegur	l	2196
1081	ítarlegur	l	2195
1082	ávallt	a	2192
1083	nýting	n	2189
1084	skil	n	2189
1089	gríðarlega	a	2173
1093	fatlaður	l	2163
1094	ungmenni	n	2162
1096	áhorfandi	n	2157
1099	megin	a	2150
1100	sífellt	a	2150
1102	sjaldgæfur	l	2144
1104	rými	n	2138
1105	virka	s	2138
1107	nálgun	n	2127
1110	foreldri	n	2119
1111	málaflokkur	n	2116
1112	talsverður	l	2113
1113	reisa	s	2110
1114	víðtækur	l	2110
1115	skýrt	a	2109
1116	húsnæði	n	2105
1117	framangreindur	l	2102
1118	vinnsla	n	2102
1121	samanbera	s	2094
1122	tímarit	n	2093
1123	nýlega	a	2092
1124	sérhæfður	l	2092
1126	stofn	n	2087
1131	lesefni	n	2077
1133	æðri	l	2075
1136	nýsköpun	n	2072
1138	djúpur	l	2067
1141	óvissa	n	2058
1144	heimilislæknir	n	2053
1145	gagnrýna	s	2052
1147	hraði	n	2051
1150	jafnaður	n	2046
1152	neysla	n	2040
1153	töluverður	l	2040
1154	neðan	a	2037
1158	vitna	s	2028
1159	faraldur	n	2023
1160	líkur	l	2022
1162	jafnan	a	2019
1163	eiginlega	a	2016
1164	lifandi	l	2009
1165	útbreiðsla	n	2009
1168	þjóna	s	1999
1169	svonefndur	l	1998
1172	miðla	s	1988
1174	beinlínis	a	1980
1177	vernda	s	1979
1180	skyn	n	1977
1182	athyglisverður	l	1974
1183	ferill	n	1974
1185	formlegur	l	1967
1190	langvinnur	l	1962
1193	endurskoða	s	1951
1195	kleifur	l	1948
1196	eigi	a	1946
1197	upphaflega	a	1946
1200	viðkvæmur	l	1944
1202	traust	n	1940
1203	nauðsyn	n	1938
1204	tilgreina	s	1934
1207	talsvert	a	1929
1209	þjálfun	n	1925
1213	smám	a	1917
1215	vinnustaður	n	1911
1217	tímabundinn	l	1908
1218	frestur	n	1907
1220	mælikvarði	n	1905
1221	ævi	n	1905
1223	henta	s	1903
1226	líðan	n	1900
1227	samfélagslegur	l	1899
1231	fjárhæð	n	1895
1232	fæða	n	1893
1234	óljós	l	1887
1237	fall	n	1882
1239	heimila	s	1874
1240	hvergi	a	1871
1244	bráður	l	1863
1248	fljótt	a	1859
1250	mannlegur	l	1854
1253	brott	a	1848
1254	frammi	a	1848
1255	algengi	n	1846
1257	nægilega	a	1838
1258	hyggja	s	1836
1263	skorta	s	1820
1265	tákn	n	1817
1266	notandi	n	1812
1270	þága	n	1807
1271	skrá	n	1806
1272	rísa	s	1805
1273	þvert	a	1801
1276	svigrúm	n	1796
1277	greinilega	a	1795
1278	forða	s	1794
1280	milli	a	1791
1281	sjálfstæði	n	1791
1284	inngangur	n	1786
1285	laga	s	1785
1288	umsækjandi	n	1782
1289	stöðugt	a	1779
1290	fræði	n	1775
1293	galli	n	1772
1296	ávinningur	n	1771
1298	þrýstingur	n	1771
1299	bættur	l	1769
1300	losun	n	1769
1303	sæta	s	1766
1306	nefnilega	a	1753
1308	refsing	n	1751
1309	útfærsla	n	1751
1311	víður	l	1744
1312	venjulega	a	1740
1313	hljóð	n	1739
1314	fjarlægja	s	1735
1315	fjarlægð	n	1734
1316	æskilegur	l	1734
1319	fylla	s	1729
1322	andsvar	n	1726
1325	umfang	n	1724
1326	afmarkaður	l	1723
1327	meðhöndla	s	1722
1331	meðganga	n	1720
1333	dreifing	n	1717
1335	fullyrða	s	1715
1337	geta	n	1711
1338	áfall	n	1710
1340	vörn	n	1705
1343	erfiðleiki	n	1700
1346	hæfni	n	1695
1349	fjölgun	n	1690
1350	umtalsverður	l	1690
1353	auðvelda	s	1685
1355	ríkjandi	l	1682
1358	töluvert	a	1672
1363	fljótlega	a	1663
1365	upplifun	n	1660
1366	fyrrnefndur	l	1659
1367	landsbyggð	n	1659
1369	losna	s	1656
1372	skipuleggja	s	1652
1378	merkilegur	l	1643
1380	álíta	s	1638
1381	algjörlega	a	1634
1385	braut	n	1628
1386	skynsamlegur	l	1628
1388	senn	a	1627
1390	skráður	l	1624
1394	annaðhvort	c	1609
1396	menningarlegur	l	1608
1397	efniviður	n	1607
1399	fortíð	n	1606
1405	forvörn	n	1596
1407	hljóða	s	1596
1410	aldamót	n	1592
1413	mannréttindi	n	1588
1415	forysta	n	1586
1419	gagnlegur	l	1580
1420	frumkvæði	n	1577
1421	samræma	s	1576
1422	útlit	n	1576
1423	vafi	n	1576
1424	samtími	n	1575
1427	áskorun	n	1568
1428	reglulega	a	1567
1430	mögulega	a	1563
1431	samgöngur	n	1563
1432	blanda	s	1561
1434	lífsgæði	n	1560
1435	skap	n	1560
1437	árlega	a	1553
1440	skammtur	n	1551
1441	skjal	n	1551
1442	siður	n	1549
1443	lækning	n	1548
1444	kjósandi	n	1547
1445	viðauki	n	1547
1446	framboð	n	1546
1447	ráðgjöf	n	1546
1448	samspil	n	1545
1450	sjónarhorn	n	1544
1451	undantekning	n	1544
1452	rammi	n	1543
1453	neðri	l	1542
1454	síða	n	1540
1455	blasa	s	1539
1456	seint	a	1539
1457	framför	n	1538
1458	glíma	s	1537
1459	þroski	n	1536
1461	vonandi	a	1533
1463	heilbrigður	l	1530
1464	algerlega	a	1527
1465	árétta	s	1526
1466	breytilegur	l	1526
1469	samtals	a	1523
1470	fullkominn	l	1521
1471	skaði	n	1521
1472	sjaldan	a	1520
1473	myndun	n	1519
1475	verður	l	1518
1479	útiloka	s	1515
1480	álykta	s	1511
1483	tíðka	s	1510
1485	blæðing	n	1509
1491	markviss	l	1497
1492	þola	s	1497
1493	sólarhringur	n	1495
1494	fjármagna	s	1494
1495	sátt	n	1494
1502	skilaboð	n	1485
1505	skerðing	n	1482
1506	skipting	n	1481
1507	úttekt	n	1479
1508	hagkvæmur	l	1477
1510	eflaust	a	1473
1511	ótti	n	1473
1514	ákvarða	s	1469
1515	hátt	a	1467
1516	afhenda	s	1466
1517	ennfremur	a	1463
1518	verkur	n	1458
1526	rækta	s	1444
1531	minni	n	1439
1532	misjafn	l	1439
1533	aðkoma	n	1438
1535	samstaða	n	1438
1540	fyrirmæli	n	1431
1541	vægi	n	1430
1544	nægja	s	1426
1547	ætlun	n	1423
1548	endanlegur	l	1422
1550	umfangsmikill	l	1421
1554	afl	n	1416
1555	fullnægjandi	l	1416
1556	salur	n	1416
1558	fagur	l	1413
1559	viðurkenning	n	1413
1560	rifja	s	1412
1565	mismunun	n	1407
1566	endurtaka	s	1406
1567	líkindi	n	1406
1568	ítreka	s	1402
1569	birting	n	1399
1570	næstum	a	1399
1571	fátækur	l	1397
1572	ósk	n	1396
1573	æ	a	1396
1574	matvæli	n	1391
1575	örugglega	a	1391
1576	fyrirlestur	n	1390
1584	staðsetning	n	1387
1586	venja	n	1384
1588	staðfesting	n	1382
1589	sögumaður	n	1381
1590	útreikningur	n	1381
1591	upphaflegur	l	1377
1595	staddur	l	1371
1596	þyngd	n	1371
1597	tilvísun	n	1370
1598	hámark	n	1369
1599	útskrifa	s	1369
1601	óháður	l	1366
1604	jafnrétti	n	1365
1606	tak	n	1363
1608	slóð	n	1362
1611	aðstandandi	n	1358
1612	leiðarljós	n	1358
1613	iðulega	a	1357
1618	eiginlegur	l	1352
1621	aðskilnaður	n	1349
1622	ólíklegur	l	1349
1625	tenging	n	1347
1626	var	l	1347
1628	eftirspurn	n	1344
1630	tákna	s	1342
1634	meðvitaður	l	1338
1635	samdráttur	n	1338
1636	haga	s	1337
1637	færni	n	1335
1639	vænting	n	1333
1641	upprunalegur	l	1332
1642	togi	n	1331
1643	óþekktur	l	1328
1644	jafnvægi	n	1326
1646	varanlegur	l	1324
1650	nægur	l	1317
1651	undanþága	n	1317
1652	útlendingur	n	1317
1653	ofangreindur	l	1315
1655	kunnugur	l	1314
1663	grunur	n	1305
1664	þröngur	l	1304
1665	dálítið	a	1303
1666	yfirlit	n	1301
1668	tvisvar	a	1300
1670	framsetning	n	1298
1672	sýnilegur	l	1297
1673	straumur	n	1296
1675	sérstaða	n	1295
1676	upplýstur	l	1295
1680	orðræða	n	1287
1683	skynja	s	1286
1684	yrkja	s	1285
1685	framvegis	a	1284
1687	fær	l	1283
1688	samræða	n	1282
1689	vægur	l	1280
1691	vinnubrögð	n	1279
1692	andrúmsloft	n	1278
1694	virði	n	1277
1696	skerða	s	1276
1697	sértækur	l	1275
1699	hátta	s	1273
1701	ánægja	n	1272
1704	stoð	n	1271
1706	tilhneiging	n	1269
1708	vandaður	l	1267
1709	bragð	n	1266
1711	stafrænn	l	1265
1712	sess	n	1264
1713	losa	s	1263
1715	námsmaður	n	1257
1717	spretta	s	1252
1720	skáldskapur	n	1250
1721	taktur	n	1248
1722	aldurshópur	n	1246
1723	gegn	a	1243
1725	fremri	l	1242
1729	vökvi	n	1239
1732	árlegur	l	1233
1735	búnaður	n	1230
1741	augljóslega	a	1225
1742	mannvirki	n	1225
1743	gagnrýninn	l	1224
1744	tilkoma	n	1224
1746	skólastarf	n	1223
1750	strangur	l	1221
1751	tilvist	n	1220
1753	náttúrulegur	l	1218
1755	skertur	l	1215
1756	stíll	n	1214
1757	algjör	l	1213
1758	ágætlega	a	1213
1759	botn	n	1213
1763	áfangi	n	1211
1767	leiðrétta	s	1205
1768	tæknilegur	l	1205
1769	miðja	n	1204
1772	óeðlilegur	l	1201
1773	höfðingi	n	1200
1775	áform	n	1198
1777	burt	a	1194
1779	undirstrika	s	1190
1780	villtur	l	1190
1782	úrvinnsla	n	1189
1783	framfæri	n	1187
1784	átak	n	1186
1789	viðurkenndur	l	1177
1792	skipulagður	l	1174
1794	útkoma	n	1173
1796	starfandi	l	1171
1799	sérlega	a	1170
1800	vart	a	1170
1801	síðarnefndur	l	1168
1803	alvara	n	1167
1804	reglulegur	l	1167
1805	skilvirkur	l	1167
1806	flokkun	n	1166
1807	látinn	l	1165
1809	hreinlega	a	1163
1810	útfæra	s	1163
1812	veröld	n	1162
1815	hindra	s	1157
1816	ódýr	l	1157
1818	aka	s	1156
1820	óbeinn	l	1156
1823	langflestur	l	1154
1824	bylting	n	1152
1828	endurgreiðsla	n	1149
1829	vefsíða	n	1147
1833	efi	n	1143
1835	lofa	s	1141
1836	bakgrunnur	n	1140
1840	fyrrverandi	l	1138
1841	núgildandi	l	1137
1843	skipun	n	1134
1845	settur	l	1133
1850	rafmagn	n	1131
1851	landsvæði	n	1130
1852	viðhald	n	1129
1853	lengja	s	1127
1855	aðstoða	s	1125
1856	inntak	n	1124
1857	fresta	s	1123
1859	þarfnast	s	1119
1860	reynd	n	1118
1862	éta	s	1114
1863	landslag	n	1114
1864	róttækur	l	1114
1865	staðbundinn	l	1114
1867	öfugur	l	1113
1870	fólga	s	1110
1871	kynning	n	1110
1872	óheimill	l	1110
1873	samsettur	l	1109
1874	auglýsa	s	1108
1876	kort	n	1106
1878	veikja	s	1102
1879	skuggi	n	1100
1880	einstaka	l	1098
1882	dauðsfall	n	1097
1883	ella	a	1097
1884	hvati	n	1094
1885	hæfileiki	n	1094
1886	tíður	l	1094
1889	ennþá	a	1092
1890	áðurnefndur	l	1090
1891	úrlausn	n	1089
1892	hamingja	n	1087
1893	háttsemi	n	1085
1894	afbrigði	n	1084
1896	velferð	n	1083
1899	nær	a	1082
1900	endurtekinn	l	1081
1901	nægilegur	l	1081
1902	réttlæti	n	1081
1903	sambúð	n	1079
1904	samsetning	n	1079
1905	sjálfstætt	a	1079
1906	andstaða	n	1077
1909	hindrun	n	1076
1911	gripur	n	1074
1912	tónn	n	1074
1914	innihald	n	1072
1915	aðlögun	n	1070
1917	hljóma	s	1067
1918	birtingarmynd	n	1066
1922	ökutæki	n	1065
1923	þiggja	s	1063
1924	heildstæður	l	1062
1927	vandræði	n	1061
1928	sekt	n	1060
1929	tileinka	s	1060
1932	tiltaka	s	1057
1933	aðlaga	s	1056
1934	smita	s	1055
1935	vit	n	1055
1936	fullyrðing	n	1054
1938	hæfi	n	1053
1941	stilla	s	1050
1942	hægt	a	1048
1944	samfelldur	l	1047
1947	greinarmunur	n	1045
1949	umönnun	n	1045
1950	spenna	n	1044
1951	örfár	l	1042
1954	lítt	a	1040
1955	uppgötva	s	1039
1958	almenningssamgöngur	n	1036
1959	greinilegur	l	1035
1960	lágmark	n	1033
1961	ryðja	s	1033
1962	vitneskja	n	1033
1966	tilvera	n	1029
1967	einasti	l	1026
1970	skaðlegur	l	1024
1974	nýjung	n	1020
1975	síðan	c	1020
1976	beiting	n	1019
1978	kollur	n	1019
1980	býsna	a	1018
1981	ræktun	n	1018
1987	árabil	n	1010
1989	aðgreining	n	1009
1996	skammt	a	1006
1999	uppeldi	n	1004
2001	samantekt	n	1003
2003	alfarið	a	1002
2004	fallinn	l	1002
2011	traustur	l	998
2014	neyta	s	995
2018	ævintýri	n	993
2019	bundinn	l	992
2020	einfalda	s	992
2021	gagna	s	992
2022	henda	s	992
2025	hvaðan	a	986
2026	raunverulega	a	986
2027	spor	n	986
2030	frávik	n	984
2031	grundvallaratriði	n	984
2035	hitastig	n	981
2036	ímynda	s	980
2038	dæmigerður	l	979
2039	hönnun	n	978
2040	upptaka	n	978
2041	aðdragandi	n	976
2044	tilvitnun	n	976
2045	umdeildur	l	976
2047	ógn	n	974
2049	öðruvísi	a	973
2050	fjölbreytni	n	971
2051	virkja	s	970
2053	áverki	n	969
2056	mataræði	n	968
2057	létta	s	967
2058	ábyrgur	l	966
2060	breiða	s	964
2061	nærri	a	963
2062	réttlæta	s	963
2063	undirrita	s	963
2064	úrbót	n	963
2066	vitund	n	962
2069	komandi	l	961
2072	boðskapur	n	958
2073	forgangsröðun	n	957
2076	efa	s	953
2081	meina	s	951
2083	kvarta	s	949
2085	afnema	s	947
2088	fangi	n	946
2091	knýja	s	946
2092	ættingi	n	946
2094	fækkun	n	944
2100	ómögulegur	l	941
2101	farvegur	n	939
2104	hæfur	l	938
2105	óvenjulegur	l	938
2106	áframhaldandi	l	937
2108	nágrenni	n	935
2110	merkur	l	934
2111	grófur	l	933
2112	ímynd	n	932
2113	samræmdur	l	932
2114	hanna	s	930
2115	jafnræði	n	929
2116	skjól	n	929
2118	afurð	n	928
2122	undanskilinn	l	928
2123	einangrun	n	927
2125	sér	l	927
2128	ítrekað	a	925
2131	trygging	n	925
2134	bylgja	n	922
2137	misseri	n	922
2138	streita	n	922
2140	fullkomlega	a	920
2142	kringumstæður	n	920
2145	óvæntur	l	919
2146	smátt	a	919
2147	tvöfaldur	l	919
2148	sannleiki	n	918
2149	útland	n	917
2150	heilbrigði	n	916
2151	samtímis	a	916
2156	skriflegur	l	915
2159	helga	s	914
2162	raunhæfur	l	911
2163	batna	s	910
2164	sanngjarn	l	909
2165	þökk	n	909
2166	rökstyðja	s	908
2167	vinsæld	n	907
2170	tímabundið	a	905
2173	rjúfa	s	903
2174	tjáning	n	902
2175	fátækt	n	901
2176	rás	n	900
2177	útbreiddur	l	900
2179	úthluta	s	898
2180	þéttur	l	898
2181	fullnægja	s	897
2183	vörður	n	897
2188	nærri	l	893
2189	spara	s	892
2190	fremja	s	891
2192	langvarandi	l	890
2196	lykilatriði	n	888
2198	viðleitni	n	888
2205	gildur	l	885
2206	kveikja	s	885
2207	raunveruleiki	n	884
2208	starfsháttur	n	882
2211	nágrannaland	n	879
2212	valkostur	n	878
2213	andstæðingur	n	877
2214	bifreið	n	877
2217	fyrrum	a	876
2220	samanstanda	s	876
2221	árslok	n	875
2223	andstæða	n	874
2224	myrkur	n	874
2225	skyndilega	a	873
2226	loksins	a	872
2227	alvarlega	a	871
2228	leif	n	871
2231	miðlun	n	870
2232	reiði	n	870
2234	frábrugðinn	l	869
2240	flýja	s	867
2241	heiður	n	867
2243	tilviljun	n	867
2245	halla	s	866
2246	staðsettur	l	866
2247	skilgreindur	l	864
2249	teygja	s	863
2251	ótrúlega	a	862
2252	lélegur	l	861
2254	óhætt	l	860
2257	halli	n	859
2261	fræða	s	857
2264	ansi	a	855
2267	þroska	s	855
2271	hleypa	s	852
2272	þjáning	n	852
2274	skynjun	n	850
2277	efna	s	847
2278	meðhöndlun	n	847
2279	miðill	n	847
2280	skynsemi	n	847
2281	nýmæli	n	846
2282	viðamikill	l	846
2286	orsaka	s	843
2287	veigamikill	l	843
2289	jafna	n	841
2292	far	n	839
2293	ákvarðanataka	n	838
2294	truflun	n	838
2295	framgangur	n	837
2296	skella	s	837
2297	spyrjandi	n	837
2298	atvinna	n	835
2299	eintak	n	835
2302	ráðandi	l	835
2303	svipur	n	835
2304	þrengja	s	835
2307	andlát	n	833
2309	taka	n	833
2312	kunnur	l	832
2314	álitamál	n	831
2316	móttaka	n	829
2317	umgjörð	n	828
2318	daglega	a	827
2319	sjálfsagt	a	827
2320	hliðstæður	l	825
2323	sundur	a	824
2324	skáli	n	823
2328	einföldun	n	821
2330	fróðleikur	n	820
2331	fyrirfram	a	820
2336	hlutlaus	l	818
2337	vik	n	818
2338	bráð	n	817
2339	gagnsæi	n	817
2341	áreiti	n	816
2343	stakur	l	816
2345	málefnalegur	l	815
2348	völlur	n	813
2352	námsefni	n	811
2353	leyna	s	809
2354	andstæður	l	808
2358	rétta	s	807
2359	starfrækja	s	807
2360	þolandi	n	807
2361	gerandi	n	806
2362	misskilningur	n	806
2363	ógna	s	806
2364	samsvara	s	805
2366	áhrifamikill	l	803
2367	lærður	l	803
2368	óþægindi	n	803
2370	þétt	a	803
2373	tún	n	801
2374	framvinda	n	800
2376	ætíð	a	797
2378	atburðarás	n	795
2379	innsýn	n	795
2380	fjölmennur	l	794
2381	ávöxtur	n	793
2382	meintur	l	792
2384	lýsandi	l	790
2385	undarlegur	l	790
2386	vanur	l	790
2387	tilfinningalegur	l	789
2388	vakt	n	789
2389	auðveldlega	a	788
2392	yfirráð	n	788
2393	ákaflega	a	787
2397	gefinn	l	786
2403	búsettur	l	783
2408	tilmæli	n	779
2409	ögn	n	779
2411	leiðsögn	n	777
2416	uppgjör	n	776
2417	árangursríkur	l	775
2419	umgengni	n	775
2420	vissa	n	775
2422	undirliggjandi	l	774
2424	skilvirkni	n	772
2426	dvöl	n	771
2431	fróðlegur	l	769
2433	ráðning	n	769
2435	ánægjulegur	l	767
2436	örva	s	767
2437	eiginmaður	n	766
2440	alger	l	765
2443	undirstaða	n	765
2445	sköpun	n	761
2451	brátt	a	757
2453	formlega	a	756
2454	ósköp	n	756
2455	sönnun	n	756
2459	blanda	n	752
2460	réttlátur	l	752
2463	verklag	n	752
2464	yfirgefa	s	752
2465	greiður	l	750
2466	þjá	s	750
2469	verka	s	749
2471	högg	n	748
2476	efling	n	745
2477	stöðugleiki	n	745
2479	fyrirsjáanlegur	l	744
2482	misnotkun	n	743
2486	not	n	742
2488	rökstuðningur	n	742
2491	afgerandi	l	740
2496	eðlilega	a	738
2498	umsjón	n	738
2499	þrep	n	738
2504	hlutlægur	l	736
2505	mismunur	n	736
2506	sveifla	n	736
2507	öðruvísi	l	736
2508	kring	a	734
2510	lögun	n	734
2511	versna	s	734
2512	aðalatriði	n	733
2518	menntaður	l	731
2521	vangavelta	n	731
2523	rýna	s	729
2526	forgangur	n	727
2529	óþarfur	l	726
2531	afskipti	n	725
2533	kaupandi	n	725
2535	veiting	n	724
2536	fegurð	n	723
2539	fötlun	n	722
2540	neyða	s	722
2541	ráðlegging	n	722
2542	skorða	n	722
2544	vísan	n	722
2546	samvist	n	720
2547	streyma	s	720
2548	aftan	a	719
2549	dýpi	n	719
2551	óvinur	n	719
2552	játa	s	718
2553	væntanlegur	l	718
2554	æska	n	718
2555	meðfæddur	l	716
2557	nákvæmni	n	715
2558	veiki	n	715
2560	aðhald	n	714
2561	áætlaður	l	714
2562	pistill	n	714
2563	undirritaður	l	714
2564	útbúa	s	714
2566	vonbrigði	n	713
2567	framandi	l	712
2568	gagnrýnandi	n	712
2569	virkilega	a	712
2573	ráðleggja	s	710
2574	svarandi	n	710
2575	þrífa	s	710
2577	tilheyrandi	l	709
2578	afkomandi	n	708
2579	víst	a	708
2580	aðskilinn	l	707
2581	endurnýjun	n	707
2582	meginmarkmið	n	707
2583	vellíðan	n	707
2584	dráttur	n	706
2587	munnlegur	l	706
2591	þáverandi	l	705
2592	hvatning	n	704
2594	verkfæri	n	702
2595	allmargur	l	701
2598	prenta	s	700
2600	frumkvöðull	n	699
2602	hlutdeild	n	699
2603	rosalega	a	699
2604	samhljóða	l	699
2606	afskaplega	a	698
2610	fjarlægur	l	697
2612	hrinda	s	697
2613	röskun	n	697
2615	búningur	n	695
2616	sársauki	n	695
2617	skapandi	l	695
2618	teymi	n	692
2622	uppspretta	n	689
2623	ítarlega	a	688
2625	fórnarlamb	n	687
2626	þrisvar	a	687
2630	viðtaka	n	686
2633	refsiverður	l	685
2634	staðfestur	l	685
2635	áreiðanlegur	l	684
2636	bólga	n	684
2637	tilnefna	s	684
2638	tímabær	l	684
2639	vanda	s	684
2640	viðunandi	l	684
2643	viðburður	n	683
2645	breytileiki	n	682
2647	rata	s	682
2651	sjálfkrafa	a	679
2653	hlaða	s	678
2655	afmarka	s	677
2656	dreifður	l	677
2657	ferskur	l	677
2659	ólöglegur	l	677
2660	reiða	s	677
2663	færsla	n	675
2664	meginatriði	n	675
2666	skemmd	n	674
2667	strengur	n	674
2668	ágæti	n	673
2669	samruni	n	673
2670	takmark	n	672
2671	glæsilegur	l	671
2675	mælitæki	n	669
2678	rúst	n	668
2681	metnaður	n	667
2686	heildarfjöldi	n	666
2689	aðstoðarmaður	n	664
2691	lakur	l	664
2692	óvís	l	664
2696	endurnýja	s	663
2698	hetja	n	663
2699	fagfólk	n	662
2701	örnefni	n	662
2702	viðvarandi	l	661
2706	venja	s	659
2710	farsæll	l	657
2715	uppgötvun	n	657
2716	fag	n	656
2717	hlýða	s	656
2723	eyðileggja	s	654
2725	hagstæður	l	653
2731	lykilhlutverk	n	650
2732	tímapunktur	n	650
2735	skemmtun	n	647
2736	þjálfa	s	647
2737	hinsvegar	a	646
2739	sérkennilegur	l	646
2740	umbót	n	646
2741	fyrrgreindur	l	645
2744	fámennur	l	644
2745	frammistaða	n	644
2748	lýður	n	644
2750	aðalpersóna	n	643
2752	einangra	s	643
2755	listrænn	l	642
2756	tíðindi	n	642
2757	löngun	n	641
2758	sveigjanleiki	n	641
2761	svipta	s	640
2762	vafalaust	a	640
2763	vandlega	a	640
2765	hnútur	n	639
2766	ótvíræður	l	639
2767	ósammála	l	638
2769	utanaðkomandi	l	638
2773	reglubundinn	l	637
2775	meðlimur	n	636
2778	hverfi	n	635
2779	afkvæmi	n	634
2782	fyrirbyggjandi	l	634
2783	rof	n	634
2784	hollur	l	633
2786	snerting	n	633
2787	græða	s	632
2788	líka	s	632
2791	útskrift	n	632
2793	fyrirliggjandi	l	631
2795	glæpur	n	631
2797	vanalega	a	631
2798	efasemd	n	630
2802	skjótur	l	629
2804	framburður	n	628
2807	endanlega	a	627
2809	framfylgja	s	626
2810	gagnkvæmur	l	626
2811	næmur	l	626
2812	óhjákvæmilegur	l	625
2813	umtalsvert	a	625
2815	næring	n	623
2816	hlé	n	622
2817	ráðstafa	s	622
2818	sigling	n	622
2819	spá	n	622
2820	ríflega	a	621
2823	hefti	n	620
2826	framtíðarsýn	n	619
2829	tiltækur	l	619
2830	vitnisburður	n	619
2831	yfirsýn	n	619
2833	verkun	n	618
2837	lærdómur	n	616
2840	skepna	n	615
2841	vinátta	n	615
2842	áhyggjuefni	n	614
2843	markvisst	a	613
2845	umhyggja	n	613
2846	breidd	n	612
2847	krefjandi	l	612
2848	tímamót	n	612
2849	varðveisla	n	612
2853	samsvarandi	l	610
2854	sannfærður	l	610
2856	glata	s	609
2857	lokun	n	609
2858	veikleiki	n	609
2859	örlítið	a	609
2861	kast	n	608
2862	skiljanlegur	l	608
2864	fordæmi	n	607
2865	hugleiðing	n	607
2866	sorg	n	607
2868	tómur	l	606
2869	hugsjón	n	605
2872	mein	n	605
2874	vænn	l	605
2876	eigin(n)	l	604
2878	frétta	s	603
2881	söfnun	n	603
2882	svörun	n	602
2885	flatur	l	601
2886	trúnaður	n	601
2891	umbreyta	s	600
2893	ótal	n	599
2894	vísun	n	599
2895	einbeita	s	598
2896	skipulegur	l	598
2897	aðhyllast	s	597
2899	samþætting	n	597
2900	trúlega	a	597
2901	virtur	l	597
2902	framlengja	s	596
2903	fyllilega	a	596
2905	leiðbeinandi	n	595
2906	ráðgjafi	n	595
2908	bardagi	n	594
2911	einstaklingsbundinn	l	592
2912	piltur	n	592
2914	þunnur	l	592
2916	staðhæfing	n	591
2918	raska	s	590
2923	vanlíðan	n	588
2925	hættur	l	587
2926	mynstur	n	587
2927	óþarfi	n	587
2928	útilokaður	l	587
2929	afdrif	n	586
2930	klettur	n	586
2931	nátengdur	l	586
2933	viðhafa	s	586
2939	útvega	s	585
2942	einvörðungu	a	584
2945	eilífur	l	583
2946	upptalning	n	583
2948	grænmeti	n	582
2953	lífsstíll	n	580
2954	úrskurða	s	580
2956	sannfæra	s	579
2961	hliðstæða	n	577
2963	hæfilegur	l	577
2966	atferli	n	576
2967	fagmennska	n	576
2968	sparnaður	n	576
2972	huglægur	l	575
2975	hlaup	n	574
2976	skemmta	s	574
2977	flótti	n	573
2979	hagnýtur	l	573
2980	hægja	s	573
2984	óneitanlega	a	572
2985	pláss	n	572
2986	refsa	s	572
2987	vitaskuld	a	572
2989	blettur	n	570
2990	heimsmynd	n	570
2991	hækkandi	l	570
2992	innheimta	s	570
2995	forfaðir	n	569
2997	staldra	s	569
2999	upplýsingagjöf	n	569
3001	blandaður	l	568
3002	göng	n	568
3007	úrgangur	n	567
3009	fyrirbyggja	s	566
3010	hrynja	s	566
3012	meðalstór	l	566
3019	þægilegur	l	565
3021	gagnsemi	n	564
3022	hugrænn	l	564
3024	skömm	n	564
3026	uppfylltur	l	564
3029	útrýma	s	563
3030	dýrmætur	l	562
3032	leigja	s	562
3036	afbrot	n	560
3037	ófullnægjandi	l	560
3040	fang	n	559
3043	geiri	n	558
3044	rúma	s	558
3046	varlega	a	557
3048	táknrænn	l	556
3051	gífurlegur	l	554
3052	gjósa	s	554
3053	misnota	s	554
3055	snið	n	554
3056	viðstaddur	l	554
3057	forgangsraða	s	553
3060	loforð	n	553
3061	skaða	s	553
3063	vegalengd	n	553
3065	höggva	s	552
3066	skrýtinn	l	552
3067	sökkva	s	552
3068	uns	c	552
3070	gruna	s	551
3071	hríð	n	551
3073	óbeint	a	551
3076	töf	n	550
3077	ei	a	549
3080	mismikill	l	548
3081	tilurð	n	548
3082	yfirferð	n	548
3083	hamla	s	547
3086	þekja	s	547
3087	ávísa	s	546
3088	blindur	l	546
3089	hljóðfæri	n	546
3091	lítillega	a	546
3095	áhugasamur	l	545
3097	hentugur	l	545
3098	hinsegin	l	545
3100	kjörinn	l	545
3101	mynt	n	545
3102	viðtekinn	l	544
3103	augnablik	n	543
3104	fyrirsögn	n	543
3105	kvikna	s	543
3108	vídd	n	543
3109	hrósa	s	542
3110	persónuleiki	n	542
3111	samrýma	s	542
3113	óhjákvæmilega	a	541
3116	kær	l	539
3117	lega	n	539
3118	óþægilegur	l	539
3120	kunnátta	n	538
3121	kvörtun	n	538
3122	leiðrétting	n	538
3123	máttur	n	538
3124	nemi	n	538
3125	nægjanlegur	l	538
3126	óvenja	n	538
3128	flétta	s	537
3129	útskýring	n	537
3130	álíka	a	536
3131	búskapur	n	536
3132	endurgreiða	s	536
3133	réttmætur	l	536
3134	eftirtalinn	l	535
3135	fjölbreytileiki	n	535
3140	þungi	n	534
3141	freista	s	533
3146	framkoma	n	531
3151	sérhæfing	n	530
3153	stoltur	l	530
3155	uppsetning	n	530
3156	íhuga	s	529
3159	viðmiðun	n	529
3160	bruni	n	528
3162	partur	n	528
3164	bati	n	527
3167	sjónarhóll	n	527
3168	tekinn	l	527
3169	verknaður	n	527
3171	róa	s	526
3179	flækja	s	523
3183	varsla	n	522
3184	birta	n	521
3185	gagnstæður	l	521
3186	hald	n	521
3189	laða	s	520
3190	myndband	n	520
3196	aðbúnaður	n	518
3197	aðgreina	s	518
3201	furða	n	517
3205	skuldbinda	s	517
3206	sporna	s	517
3208	framþróun	n	516
3209	íbúðarhúsnæði	n	516
3215	víkka	s	514
3216	óæskilegur	l	513
3218	togstreita	n	512
3219	vængur	n	512
3220	bitna	s	511
3224	stórkostlegur	l	511
3226	verðmætur	l	510
3227	ending	n	509
3229	jafngilda	s	509
3230	samfélagsmiðill	n	509
3236	skjálfti	n	508
3243	náttúrlegur	l	505
3248	springa	s	504
3250	tvöfalda	s	504
3253	herða	s	503
3259	meðvitund	n	502
3266	ritaður	l	501
3270	eftirfylgni	n	500
3272	skírskotun	n	500
3273	skjár	n	500
3274	endurbót	n	499
3275	forvitnilegur	l	499
3277	óánægja	n	499
3278	sannfæring	n	499
3284	sár	l	498
3285	örlítill	l	498
3287	árgangur	n	497
3290	ræna	s	497
3291	seljandi	n	497
3292	stækkun	n	497
3293	afnám	n	496
3294	ávísun	n	496
3299	staðsetja	s	496
3303	kólna	s	495
3304	sannleikur	n	495
3305	sekur	l	495
3306	sjálfvirkur	l	495
3309	hold	n	494
3311	ör	l	494
3312	galdur	n	493
3314	öflun	n	492
3316	leiðbeina	s	491
3319	smella	s	491
3320	úreltur	l	491
3321	ásættanlegur	l	490
3322	fanga	s	490
3323	framkalla	s	490
3325	minnkaður	l	490
3326	réttilega	a	490
3327	stytting	n	490
3333	nágranni	n	489
3334	skólaganga	n	489
3338	tíðum	a	488
3339	veldi	n	488
3341	hagsbót	n	487
3342	heimsvísa	n	487
3344	máti	n	487
3345	skilmáli	n	487
3347	uppreisn	n	487
3348	áhrifaríkur	l	486
3349	uppkast	n	486
3351	fenginn	l	485
3352	mennta	s	485
3353	metnaðarfullur	l	485
3354	óformlegur	l	485
3358	brún	n	484
3362	einkamál	n	483
3366	sálrænn	l	483
3367	tefja	s	483
3371	skerpa	s	482
3378	þrýsta	s	481
3379	drífa	s	480
3380	flæði	n	480
3381	heimildarmaður	n	480
3382	listaverk	n	480
3385	sérkenni	n	480
3386	upptök	n	480
3390	kostnaðarsamur	l	479
3391	umsvif	n	479
3392	fjölþættur	l	478
3393	flæða	s	478
3394	náttúrulega	a	478
3396	tímamark	n	477
3398	jaðar	n	475
3400	verkaskipting	n	475
3402	frestun	n	474
3403	hversdagslegur	l	474
3405	talning	n	474
3408	réttlætanlegur	l	473
3409	samanlagður	l	473
3410	bindandi	l	472
3411	bókstaflega	a	472
3412	flétta	n	472
3414	lífshættulegur	l	472
3418	hrekja	s	470
3419	styrkleiki	n	470
3421	áþekkur	l	469
3423	megn	n	469
3424	morð	n	469
3426	tilfærsla	n	469
3430	hryggur	n	468
3432	vefja	s	468
3433	ört	a	468
3434	áheyrandi	n	467
3436	sameiginlega	a	467
3437	valinn	l	467
3438	álitaefni	n	466
3440	mannlíf	n	466
3442	næra	s	466
3445	hlaðinn	l	465
3446	innanlands	a	465
3447	samhliða	a	465
3449	áreiðanleiki	n	464
3451	hulinn	l	464
3452	spanna	s	464
3454	vinda	s	464
3458	greindur	l	463
3459	hrifinn	l	463
3462	nútímalegur	l	463
3463	verndun	n	463
3464	áhugamál	n	462
3465	endurkoma	n	462
3466	fórna	s	462
3473	barnalag	n	461
3476	mannfólk	n	461
3481	millibil	n	460
3483	sprunga	n	460
3485	hlýnun	n	459
3488	margþættur	l	459
3493	vista	s	459
3496	gátt	n	458
3497	glöggur	l	458
3500	hvíld	n	457
3503	mótmæli	n	457
3506	stanga	s	457
3507	vegferð	n	457
3508	áskilja	s	455
3511	nútíð	n	455
3512	ritun	n	455
3514	úrkoma	n	455
3515	alltof	a	454
3516	bági	n	454
3518	bresta	s	454
3519	tímasetning	n	454
3520	flóð	n	453
3521	fæði	n	453
3524	toppur	n	453
3525	upptekinn	l	453
3527	svolítill	l	452
3530	grundvalla	s	451
3532	löglegur	l	451
3533	samheiti	n	451
3534	upprunalega	a	451
3535	endalok	n	450
3536	gjöra	s	450
3538	kyrr	l	450
3540	spilla	s	450
3542	bið	n	449
3543	greiddur	l	449
3545	laug	n	449
3547	endalaus	l	448
3556	daufur	l	447
3557	gufa	n	447
3559	leyfilegur	l	447
3563	réttmæti	n	446
3564	spilling	n	446
3565	toga	s	446
3566	þjóðlegur	l	446
3567	afgangur	n	445
3569	einstaklega	a	445
3570	innbyrðis	a	445
3573	minnisblað	n	445
3574	saklaus	l	445
3575	alvarleiki	n	444
3577	horf	n	444
3579	hráefni	n	444
3581	reitur	n	444
3582	undra	s	444
3584	reifa	s	443
3587	taug	n	443
3588	yfirstandandi	l	443
3589	afhjúpa	s	442
3593	nálægur	l	442
3594	ósýnilegur	l	442
3595	reiðubúinn	l	442
3597	hugleiða	s	441
3600	nýverið	a	441
3602	ummerki	n	441
3603	afhending	n	440
3605	svipa	s	440
3606	afmörkun	n	439
3613	héðan	a	438
3614	einangraður	l	437
3617	starfsstétt	n	437
3619	sveigjanlegur	l	437
3620	vottur	n	437
3621	ábótavant	l	436
3623	inna	s	436
3625	skyldleiki	n	436
3626	vandasamur	l	436
3627	fátíður	l	435
3628	gildistími	n	435
3629	sérhæfa	s	435
3630	skemma	s	435
3632	umbreyting	n	435
3633	uppskrift	n	435
3634	synja	s	434
3635	tína	s	434
3636	byrði	n	433
3640	önn	n	433
3641	síðastnefndur	l	432
3642	stuttlega	a	432
3644	bernska	n	431
3645	dálítill	l	431
3649	þrenging	n	431
3652	rugla	s	430
3654	svíkja	s	430
3655	undangenginn	l	430
3657	verklegur	l	430
3659	einskorða	s	429
3660	innrás	n	429
3661	landsvísa	n	429
3662	meistari	n	429
3663	vitanlega	a	429
3665	einkennandi	l	428
3667	kulnun	n	428
3670	samkoma	n	428
3671	skara	s	428
3674	afnot	n	427
3675	innfluttur	l	427
3676	nálægð	n	427
3677	sjúkur	l	427
3678	skima	s	427
3689	akstur	n	424
3691	einblína	s	424
3693	flötur	n	424
3694	heiman	a	424
3695	hlúa	s	424
3697	áhugamaður	n	423
3700	gjörð	n	423
3704	dæla	s	422
3710	gleypa	s	421
3715	vagn	n	421
3716	varningur	n	421
3718	vottorð	n	420
3719	ættarnafn	n	420
3720	algildur	l	419
3724	samúð	n	419
3725	stöku	l	419
3726	villa	s	419
3728	aðalhlutverk	n	418
3730	hylja	s	418
3733	styrjöld	n	418
3736	einkar	a	417
3738	frumstæður	l	417
3741	svohljóðandi	l	417
3745	samstæða	n	416
3747	tilskilinn	l	416
3749	einstæður	l	415
3751	vafasamur	l	415
3752	öndverður	l	415
3753	burður	n	414
3755	lífsháttur	n	414
3760	misjafnlega	a	413
3761	óverulegur	l	413
3762	sennilegur	l	413
3763	skelfilegur	l	413
3764	tilhögun	n	413
3769	myndrænn	l	411
3771	viður	n	411
3772	þraut	n	411
3773	afrek	n	410
3774	feta	s	410
3775	fljótandi	l	410
3776	óvirkur	l	410
3777	smiðja	n	410
3780	innlegg	n	409
3784	una	s	408
3788	magna	s	407
3789	óskýr	l	407
3790	samræming	n	407
3791	ársbyrjun	n	406
3792	eindregið	a	406
3794	skýrleiki	n	406
3795	stórfelldur	l	406
3797	þenja	s	406
3798	armur	n	405
3799	eitraður	l	405
3800	heilla	s	405
3801	hvöt	n	405
3802	ofarlega	a	405
3803	óhefðbundinn	l	405
3809	vandkvæði	n	404
3810	alþýða	n	403
3814	mismuna	s	403
3815	náskyldur	l	403
3817	síga	s	403
3820	mótsögn	n	402
3823	einskonar	l	401
3826	söguhetja	n	401
3834	aðsetur	n	399
3835	gróinn	l	399
3837	smekkur	n	399
3842	leikandi	n	398
3844	skjöldur	n	398
3846	gá	s	397
3851	ákjósanlegur	l	395
3854	gagnsær	l	395
3855	hefnd	n	395
3856	samvinnuverkefni	n	395
3857	umhugsun	n	395
3858	áreynsla	n	394
3860	ófær	l	394
3862	ávarpa	s	393
3863	bandamaður	n	393
3865	dagsetning	n	393
3872	endast	s	392
3874	furðulegur	l	392
3875	heilsa	s	392
3877	kvilli	n	392
3878	sífelldur	l	392
3879	tvíþættur	l	392
3884	raki	n	391
3885	sérstæður	l	391
3887	eftirsóknarverður	l	390
3888	fylgismaður	n	390
3889	glöggt	a	390
3890	heilmikill	l	390
3892	mildur	l	390
3895	afrakstur	n	389
3896	áfangastaður	n	389
3897	falskur	l	389
3899	hringrás	n	389
3903	óreglulegur	l	389
3905	tvímælalaust	a	389
3906	þrá	n	389
3908	afköst	n	388
3910	hugarfar	n	388
3915	dýpt	n	387
3916	einsleitur	l	387
3917	eitur	n	387
3918	endurtekning	n	387
3921	íbúðarhús	n	387
3922	rennsli	n	387
3924	svífa	s	387
3926	yfirvofandi	l	387
3927	auður	n	386
3928	ímyndunarafl	n	386
3929	smáatriði	n	386
3930	tæmandi	l	386
3931	bæklingur	n	385
3932	geisa	s	385
3933	greind	n	385
3935	merktur	l	385
3936	náið	a	385
3938	risastór	l	385
3939	seðill	n	385
3940	sígildur	l	385
3941	ásetningur	n	384
3942	bandalag	n	384
3945	framundan	a	384
3946	lagfæra	s	384
3947	prent	n	384
3949	öndun	n	384
3951	hegða	s	383
3952	heyja	s	383
3955	lof	n	383
3956	spjalla	s	383
3957	aldinn	l	382
3958	aur	n	382
3959	biðtími	n	382
3961	gjalda	s	382
3965	minnkandi	l	382
3967	umræðuefni	n	382
3968	gildismat	n	381
3969	kippa	s	381
3973	fyrst	c	380
3976	menningarheimur	n	380
3982	ósamræmi	n	379
3984	snúningur	n	379
3985	verðandi	l	379
3991	meðför	n	378
3992	nærtækur	l	378
3993	smá	l	378
3997	félagsskapur	n	377
4003	tilgreindur	l	377
4004	yfirfærsla	n	377
4006	endir	n	376
4008	hæfa	s	376
4010	margfalt	a	376
4013	tölulegur	l	376
4014	umbúð	n	376
4015	aðför	n	375
4016	gaumur	n	375
4019	rakur	l	375
4020	röksemd	n	375
4024	hraða	s	374
4025	játning	n	374
4026	kapp	n	374
4027	samþættur	l	374
4028	áhald	n	373
4030	forystumaður	n	373
4031	klár	l	373
4032	ættaður	l	373
4035	fjölbreytilegur	l	372
4036	fullgildur	l	372
4043	undanfarið	a	372
4045	vist	n	372
4046	ömurlegur	l	372
4048	glíma	n	371
4052	opnun	n	371
4053	vitur	l	371
4054	vænlegur	l	371
4055	ákall	n	370
4056	hræðilegur	l	370
4057	hræðsla	n	370
4059	timbur	n	370
4060	unglingsár	n	370
4061	ætlaður	l	370
4063	grín	n	369
4067	tímatal	n	369
4068	tvítugur	l	369
4069	varp	n	369
4070	bakki	n	368
4071	fagaðili	n	368
4072	nægjanlega	a	368
4073	samsvörun	n	368
4077	endurminning	n	367
4078	endurreisn	n	367
4079	fleygja	s	367
4082	lokaorð	n	367
4083	rökréttur	l	367
4084	sjálfgefinn	l	367
4086	hlutskipti	n	366
4087	hræða	s	366
4090	verksmiðja	n	366
4091	afsökun	n	365
4092	endurskipulagning	n	365
4093	formgerð	n	365
4094	klæði	n	365
4096	minniháttar	l	365
4097	umgangast	s	365
4101	leggur	n	364
4102	lykilorð	n	364
4103	reyndur	l	364
4105	fyrirhuga	s	363
4106	hálfgerður	l	363
4112	unninn	l	363
4115	áhrifaþáttur	n	362
4116	áhöfn	n	362
4117	heimkynni	n	362
4119	hugmyndafræðilegur	l	362
4120	magnaður	l	362
4121	samfella	n	362
4125	heppinn	l	361
4126	kröftugur	l	361
4130	ör	n	361
4131	afdráttarlaus	l	360
4135	leiðangur	n	360
4137	sjálf	n	360
4138	viðtakandi	n	360
4141	hækkaður	l	359
4142	kall	n	359
4143	neyðarástand	n	359
4144	umheimur	n	359
4145	upprunninn	l	359
4146	afsláttur	n	358
4149	megináhersla	n	358
4150	núlifandi	l	358
4151	óendanlegur	l	358
4152	skipulagning	n	358
4153	tímalengd	n	358
4155	ás	n	357
4157	frumsýna	s	357
4159	inntaka	n	357
4161	lífskjör	n	357
4164	samanlagt	a	357
4167	eldast	s	356
4171	ungbarn	n	356
4173	fyrirgefa	s	355
4175	höfnun	n	355
4176	synjun	n	355
4183	umfjöllunarefni	n	354
4185	einlægur	l	353
4186	endurheimta	s	353
4190	nánd	n	353
4192	ókunnugur	l	353
4193	ósannur	l	353
4197	villa	n	353
4199	forveri	n	352
4200	girða	s	352
4205	mönnun	n	352
4206	stuðningsmaður	n	352
4209	þýðingarmikill	l	352
4210	áþreifanlegur	l	351
4211	einkennilegur	l	351
4212	eyðing	n	351
4213	hefna	s	351
4214	hey	n	351
4217	kvenlegur	l	351
4219	misræmi	n	351
4221	kvænast	s	350
4222	rækilega	a	350
4223	samstarfsfólk	n	350
4229	forgrunnur	n	349
4230	kveðja	n	349
4231	kærleiki	n	349
4232	langmestur	l	349
4243	auður	l	347
4250	bjartsýnn	l	346
4251	gamanleikur	n	346
4252	keppinautur	n	346
4253	skorinn	l	346
4260	minnihluti	n	345
4261	óheppilegur	l	345
4263	sæll	l	345
4264	tíska	n	345
4265	upplausn	n	345
4267	niðurlag	n	344
4268	ríma	s	344
4271	vantraust	n	344
4272	viðfang	n	344
4273	áminning	n	343
4277	gullinn	l	343
4278	keðja	n	343
4281	þögull	l	343
4285	niðurbrot	n	342
4286	plan	n	342
4288	smásaga	n	342
4289	þróaður	l	342
4290	annmarki	n	341
4291	herma	s	341
4292	ómetanlegur	l	341
4294	yfirfæra	s	341
4296	blómstra	s	340
4297	dafna	s	340
4299	funda	s	340
4300	hrífa	s	340
4309	hýsa	s	339
4317	dramatískur	l	338
4318	gangandi	l	338
4319	hóf	n	338
4320	langstærstur	l	338
4322	notagildi	n	338
4323	rökstuddur	l	338
4324	samofinn	l	338
4325	sjónrænn	l	338
4327	þorri	n	338
4328	fróður	l	337
4329	innsæi	n	337
4331	máltíð	n	337
4333	ósáttur	l	337
4335	slasaður	l	337
4337	aðskilja	s	336
4339	hamingjusamur	l	336
4342	oddur	n	336
4344	eftirfylgd	n	335
4345	frost	n	335
4349	kanna	n	335
4353	ósanngjarn	l	335
4356	vinnuálag	n	335
4358	drjúgur	l	334
4361	ímyndaður	l	334
4362	leiðandi	l	334
4365	óskiljanlegur	l	334
4367	tvímæli	n	334
4371	festa	n	333
4374	tímafrekur	l	333
4375	útlimur	n	333
4377	afrit	n	332
4380	bani	n	332
4383	hirða	s	332
4387	slakur	l	332
4388	varamaður	n	332
4391	framlenging	n	331
4392	gerður	l	331
4395	lágmarka	s	331
4396	skyndilegur	l	331
4397	tvöfalt	a	331
4399	ökumaður	n	331
4406	auðugur	l	329
4407	dyggð	n	329
4409	næsta	n	329
4411	tól	n	329
4412	uppgangur	n	329
4417	framarlega	a	328
4420	trúverðugleiki	n	328
4421	viðnám	n	328
4425	bráðna	s	327
4426	býli	n	327
4431	myrða	s	327
4432	ræta	s	327
4433	rökræða	n	327
4436	varðveittur	l	327
4437	framganga	n	326
4438	frjór	l	326
4443	viðgerð	n	326
4447	ásökun	n	325
4450	forráðamaður	n	325
4451	fyrirheit	n	325
4454	málstaður	n	325
4455	reisn	n	325
4456	troða	s	325
4458	ávarp	n	324
4462	samhæfing	n	324
4463	sjálfstraust	n	324
4464	sómi	n	324
4466	verðugur	l	324
4468	fagstétt	n	323
4469	farartæki	n	323
4471	heilsutengdur	l	323
4474	íbúafjöldi	n	323
4476	samtíð	n	323
4478	særa	s	323
4481	beyging	n	322
4486	milliganga	n	322
4488	seta	n	322
4489	snjall	l	322
4490	eftirsóttur	l	321
4491	fæla	s	321
4492	hleðsla	n	321
4493	hægð	n	321
4498	uppfærsla	n	321
4499	vinnudagur	n	321
4500	þarfur	l	321
4502	brúa	s	320
4503	depurð	n	320
4504	fráleitur	l	320
4506	karlmennska	n	320
4508	smávaxinn	l	320
4509	þvinga	s	320
4515	forvitni	n	319
4516	fræðasvið	n	319
4517	fyrirferðarmikill	l	319
4520	persónulega	a	319
4526	skólastig	n	319
4528	tækjabúnaður	n	319
4529	villandi	l	319
4530	vöktun	n	319
4533	ávinna	s	318
4536	sorglegur	l	318
4537	sverja	s	318
4539	ævinlega	a	318
4540	hamla	n	317
4542	hrökkva	s	317
4546	áróður	n	316
4547	bjartsýni	n	316
4551	herja	s	316
4552	lóðréttur	l	316
4553	mannfjöldi	n	316
4554	meginhluti	n	316
4555	óöryggi	n	316
4559	axla	s	315
4565	samhljómur	n	315
4567	blekking	n	314
4570	margoft	a	314
4571	myndefni	n	314
4574	starfsheiti	n	314
4575	tilstilli	n	314
4576	blær	n	313
4579	kærlega	a	313
4580	trúverðugur	l	313
4582	þannig	l	313
4587	hraustur	l	312
4588	jafnmikill	l	312
4593	verndandi	l	312
4594	hlutastarf	n	311
4595	kúgun	n	311
4596	leitarvél	n	311
4598	rólega	a	311
4599	ræðustóll	n	311
4602	þrengsli	n	311
4603	afbrigðilegur	l	310
4605	endurreisa	s	310
4606	hávær	l	310
4607	hika	s	310
4610	nafngift	n	310
4611	nefndur	l	310
4612	sena	n	310
4613	allmikill	l	309
4616	giska	s	309
4617	illska	n	309
4619	lenging	n	309
4620	ljá	s	309
4621	óstöðugur	l	309
4622	óviss	l	309
4624	vanræksla	n	309
4626	almennilega	a	308
4627	hella	n	308
4628	horfinn	l	308
4629	hótun	n	308
4630	leki	n	308
4631	letur	n	308
4633	orka	s	308
4634	ófullkominn	l	308
4636	sjálfboðaliði	n	308
4637	vísir	n	308
4640	heill	n	307
4642	sannfærandi	l	307
4644	þröskuldur	n	307
4645	dýpka	s	306
4647	láréttur	l	306
4648	lesskilningur	n	306
4649	námsárangur	n	306
4650	perla	n	306
4651	smávægilegur	l	306
4653	þykkt	n	306
4654	þyngja	s	306
4656	bústaður	n	305
4657	dularfullur	l	305
4662	myndarlegur	l	305
4670	hóta	s	304
4679	fylling	n	303
4681	heildrænn	l	303
4683	innkaup	n	303
4685	samnefndur	l	303
4692	uppnám	n	303
4693	þungt	a	303
4694	athæfi	n	302
4696	eftirminnilegur	l	302
4698	iðka	s	302
4711	innbyggður	l	301
4712	mistaka	s	301
4714	sannreyna	s	301
4716	skarpur	l	301
4717	undirlag	n	301
4719	velgengni	n	301
4720	þakklátur	l	301
4725	tryggur	l	300
4727	ástæðulaus	l	299
4728	bágur	l	299
4731	handleiðsla	n	299
4732	hlynntur	l	299
4733	hugrekki	n	299
4734	óalgengur	l	299
4735	ótvírætt	a	299
4737	tortryggni	n	299
4738	viðmót	n	299
4741	gjaldskrá	n	298
4744	myndataka	n	298
4745	nútímamaður	n	298
4746	sanngirni	n	298
4748	umlykja	s	298
4749	yfirheyrsla	n	298
4750	aflétta	s	297
4752	fjarvera	n	297
4755	náungi	n	297
4757	orrusta	n	297
4758	samsteypa	n	297
4761	endalaust	a	296
4762	feðgar	n	296
4769	útvíkka	s	296
4773	gæfa	n	295
4774	húmor	n	295
4775	hörmung	n	295
4778	ólíkindi	n	295
4780	réttlæting	n	295
4781	ritmál	n	295
4782	skarð	n	295
4783	teikn	n	295
4784	temja	s	295
4785	tæknilega	a	295
4787	veitingastaður	n	295
4792	mælanlegur	l	294
4793	óræður	l	294
4796	valdamikill	l	294
4797	vitrænn	l	294
4798	þurrkur	n	294
4799	fordæma	s	293
4800	frágangur	n	293
4801	hefta	s	293
4802	hornsteinn	n	293
4803	hvarf	n	293
4806	meiriháttar	l	293
4807	miðbik	n	293
4808	missir	n	293
4810	ráðgera	s	293
4811	sorp	n	293
4813	þjóðfélagshópur	n	293
4815	eyði	n	292
4818	hagsmunaárekstur	n	292
4820	kæling	n	292
4821	óskráður	l	292
4822	rofna	s	292
4826	yfirburður	n	292
4828	þroskaður	l	292
4831	fjölþjóðlegur	l	291
4832	fylgjandi	n	291
4834	samkennd	n	291
4835	skekkja	n	291
4836	svik	n	291
4844	efnisatriði	n	290
4847	harla	a	290
4848	jafnaldri	n	290
4852	kæla	s	290
4854	samskonar	l	290
4855	sjónarsvið	n	290
4857	slaka	s	290
4858	sníða	s	290
4859	stífur	l	290
4860	stormur	n	290
4861	tunna	n	290
4865	frelsa	s	289
4866	gífurlega	a	289
4868	heiðarlegur	l	289
4869	húsbóndi	n	289
4870	ígrunda	s	289
4873	rótgróinn	l	289
4875	agi	n	288
4880	gæða	s	288
4882	ónæmur	l	288
4885	yfirbragð	n	288
4886	yfirgripsmikill	l	288
4887	barnshafandi	l	287
4888	harka	n	287
4889	hóflegur	l	287
4890	hreinsun	n	287
4892	íhaldssamur	l	287
4894	lægð	n	287
4896	óendanlega	a	287
4898	undirgangast	s	287
4899	uppsafnaður	l	287
4903	ljúga	s	286
4905	sprenging	n	286
4910	fullorðinsár	n	285
4911	kennsl	n	285
4913	kveikja	n	285
4914	miðbær	n	285
4916	óhapp	n	285
4918	umskipti	n	285
4919	uppræta	s	285
4920	vegfarandi	n	285
4921	etja	s	284
4922	göfugur	l	284
4927	skammstöfun	n	284
4929	smæð	n	284
4932	undrun	n	284
4933	afleiddur	l	283
4935	eindreginn	l	283
4937	frumlegur	l	283
4945	tengslanet	n	283
4946	ásýnd	n	282
4948	innbyrðis	l	282
4950	meðtalinn	l	282
4951	ótímabær	l	282
4952	starfsreynsla	n	282
4954	örvandi	l	282
4958	dulinn	l	281
4965	stara	s	281
4967	byggður	l	280
4973	óráð	n	280
4977	tóm	n	280
4981	menntamaður	n	279
4982	ójöfnuður	n	279
4984	tryggður	l	279
4985	uppdráttur	n	279
4986	þversögn	n	279
4988	heppnaður	l	278
4992	ókostur	n	278
4995	sending	n	278
4996	vitsmunalegur	l	278
5000	rýmka	s	277
